;;;;;$ 910;1,50;;;;
;;;;;;;;;;
FAMILIA PRODUCTOS;DESCRIPCIÓN;UNIDAD DE MEDIDA;COSTO NETO PESOS;PRECIO COSTO DÓLAR;VALOR DÓLAR $;PORCENTAJE;PRECIO VENTA NETO ;;;
\PROVISIONES\BEBESTIBLES;7UP 24X330 ML;BOX;$ 15.900;17,47;$ 910;1,50;26,21;;;
\PROVISIONES\BEBESTIBLES;AGUA MINERAL-AGUA MINERAL 6*1.5 LT;CS;$ 2.910;3,20;$ 910;1,50;4,80;;;
\PROVISIONES\BEBESTIBLES;AGUA MINERAL SPARKLING- MINERAL WATER CON GAS 1.5LT;LT;$ 798;0,88;$ 910;1,50;1,32;;;
\PROVISIONES\BEBESTIBLES;AGUA MINERAL STILL - MINERAL WATER S/GAS 1.5LT;LT;$ 513;0,56;$ 910;1,50;0,85;;;
\PROVISIONES\BEBESTIBLES;ASSORTED NECTAR JUICE - JUGOS SURTIDOS;LT;$ 640;0,70;$ 910;1,50;1,05;;;
\PROVISIONES\BEBESTIBLES;BACARDI LEMON FLAV 750 ML;BTLL;$ 5.950;6,54;$ 910;1,50;9,81;;;º
\PROVISIONES\BEBESTIBLES;BACARDI MOJITO 750 ML;BTLL;$ 5.490;6,03;$ 910;1,50;9,05;;;
\PROVISIONES\BEBESTIBLES;BACARDI ORO GOLD;BTLL;$ 4.950;5,44;$ 910;1,50;8,16;;;
\PROVISIONES\BEBESTIBLES;BEER - CERVEZA LATA;TIN;$ 454;0,50;$ 910;1,50;0,75;;;
\PROVISIONES\BEBESTIBLES;BEER ESCUDO 330 ML;TIN;$ 715;0,79;$ 910;1,50;1,18;;;
\PROVISIONES\BEBESTIBLES;BEER HEINEKEN 330 ML TIN;TIN;$ 924;1,02;$ 910;1,50;1,52;caja 24;;
\PROVISIONES\BEBESTIBLES;BEER NON ALCOHOL - CERVEZA SIN ALCOHOL;TIN;$ 747;0,82;$ 910;1,50;1,23;;;
\PROVISIONES\BEBESTIBLES;BODEGA UNO WINE WHITE - VINO BLANCO;LT;$ 1.989;2,19;$ 910;1,50;3,28;;;
\PROVISIONES\BEBESTIBLES;BODEGA UNO PLASTIC BTLL 5LT;BTLL;$ 6.200;6,81;$ 910;1,50;10,22;;;
\PROVISIONES\BEBESTIBLES;BUDWEISER X 330 ML;TIN;$ 690;0,76;$ 910;1,50;1,14;;;
\PROVISIONES\BEBESTIBLES;CAN COCA COLA - COCA COLA EN LATA 24 UNIDADES;CS;$ 12.990;14,27;$ 910;1,50;21,41;;;
\PROVISIONES\BEBESTIBLES;CAN FANTA - FANTA 24 * 330 ML;CS;$ 12.990;14,27;$ 910;1,50;21,41;;;
\PROVISIONES\BEBESTIBLES;CAN SPRITE - SPRITE 24 * 330 ML;CS;$ 12.990;14,27;$ 910;1,50;21,41;;;
\PROVISIONES\BEBESTIBLES;CASA SILVA CABERNET - VINO TINTO;BTLL;$ 6.590;7,24;$ 910;1,50;10,86;;;
\PROVISIONES\BEBESTIBLES;CASILLERO DEL DIABLO 750 CC;BTLL;$ 3.529;3,88;$ 910;1,50;5,82;;;
\PROVISIONES\BEBESTIBLES;CASILLERO DEL DIABLO CHARDONNAY 750 CC;BTLL;$ 3.442;3,78;$ 910;1,50;5,67;;;
\PROVISIONES\BEBESTIBLES;CASILLERO DEL DIABLO MERLOT 750 CC;BTLL;$ 3.442;3,78;$ 910;1,50;5,67;;;
\PROVISIONES\BEBESTIBLES;CASILLERO DEL DIABLO ROJO 750CC;BTLL;$ 6.200;6,81;$ 910;1,50;10,22;;;
\PROVISIONES\BEBESTIBLES;CASTILLO DE MOLINA ;BTLL;$ 5.210;5,73;$ 910;1,50;8,59;;;
\PROVISIONES\BEBESTIBLES;CERVEZA BECKER 18*330 ML;CS;$ 8.500;9,34;$ 910;1,50;14,01;;;
\PROVISIONES\BEBESTIBLES;CHAMPAGNE VALDIVIESO 750 CC;BTLL;$ 4.369;4,80;$ 910;1,50;7,20;;;
\PROVISIONES\BEBESTIBLES;CLOS DE PIRQUE 2 LT;BTLL;$ 2.857;3,14;$ 910;1,50;4,71;;;
\PROVISIONES\BEBESTIBLES;COCA COLA 3 LT;BTLL;$ 2.680;2,95;$ 910;1,50;4,42;;;
\PROVISIONES\BEBESTIBLES;COCONUT WATER - AGUA DE COCO;BTLL;$ 1.250;1,37;$ 910;1,50;2,06;;;
\PROVISIONES\BEBESTIBLES;COGNAC 3 PALOS X 750 ML;BTLL;$ 3.480;3,82;$ 910;1,50;5,74;;;
\PROVISIONES\BEBESTIBLES;CONCHA Y TORO FRONTERA CABERNET SAUVIGNO 750CC;BTLL;$ 3.500;3,85;$ 910;1,50;5,77;;;
\PROVISIONES\BEBESTIBLES;COOKING WINE - VINO PARA COCINAR TINTO;LT;$ 1.611;1,77;$ 910;1,50;2,66;;;
\PROVISIONES\BEBESTIBLES;CORONA 330 ML BTLL;BTLL;$ 830;0,91;$ 910;1,50;1,37;;;
\PROVISIONES\BEBESTIBLES;CRANBERRY JUICE - JUGO CRANBERRY;LT;$ 2.218;2,44;$ 910;1,50;3,66;;;
\PROVISIONES\BEBESTIBLES;CRISTAL 330 ML TIN;TIN;$ 663;0,73;$ 910;1,50;1,09;;;
\PROVISIONES\BEBESTIBLES;EXPORTACION RED WINE;BTLL;$ 1.690;1,86;$ 910;1,50;2,79;;;
\PROVISIONES\BEBESTIBLES;FANTA 1.5 LT;UNID;$ 1.672;1,84;$ 910;1,50;2,76;;;
\PROVISIONES\BEBESTIBLES;GATO TETRA 2 LT;TETRA;$ 2.857;3,14;$ 910;1,50;4,71;;;
\PROVISIONES\BEBESTIBLES;GATO TETRA 2 LT ROJO, RED;TETRA;$ 3.500;3,85;$ 910;1,50;5,77;;;
\PROVISIONES\BEBESTIBLES;GATO WINE 700 CC ;BTLL;$ 1.932;2,12;$ 910;1,50;3,18;;;
\PROVISIONES\BEBESTIBLES;GATORADE 500 ML UNIDAD;BTLL;$ 942;1,04;$ 910;1,50;1,55;;;
\PROVISIONES\BEBESTIBLES;GATORADE 1 LT;BTLL;$ 1.337;1,47;$ 910;1,50;2,20;;;
\PROVISIONES\BEBESTIBLES;GRAPEFRUIT JUICE 100% - JUGO DE POMELO;LT;$ 4.538;4,99;$ 910;1,50;7,48;;;
\PROVISIONES\BEBESTIBLES;HEINEKEN 0 ALCOHOL 350 CC;LT;$ 915;1,01;$ 910;1,50;1,51;;;
\PROVISIONES\BEBESTIBLES;JOHNIE WALKER RED LABEL WHISKY;BTLL;$ 10.084;11,08;$ 910;1,50;16,62;;;
\PROVISIONES\BEBESTIBLES;JUICE 100% PINEAPPLE - JUGO 100% PIÑA;LT;$ 3.865;4,25;$ 910;1,50;6,37;;;
\PROVISIONES\BEBESTIBLES;JUICE ORANGE BANANA - JUGO NARANJA PLATANO;LT;$ 1.059;1,16;$ 910;1,50;1,75;;;
\PROVISIONES\BEBESTIBLES;JUICE TUTTIFRUIT - JUGO TUTTIFRUTA;LT;$ 1.059;1,16;$ 910;1,50;1,75;;;
\PROVISIONES\BEBESTIBLES;JUICE TUTTIKIWI;LT;$ 1.059;1,16;$ 910;1,50;1,75;;;
\PROVISIONES\BEBESTIBLES;LEON TARAPACA CABERNET 750 CC;BTLL;$ 1.790;1,97;$ 910;1,50;2,95;;;
\PROVISIONES\BEBESTIBLES;LEON TARAPACA CARMENERE 750 CC;BTLL;$ 1.790;1,97;$ 910;1,50;2,95;;;
\PROVISIONES\BEBESTIBLES;LIMON SODA 24*330ML;CAJA;$ 15.800;17,36;$ 910;1,50;26,04;;;
\PROVISIONES\BEBESTIBLES;LOCAL WINE RED - VINO TINTO 5LT;BIDON;$ 6.890;7,57;$ 910;1,50;11,36;;;
\PROVISIONES\BEBESTIBLES;MARTINI BIANCO 1LT;BTLL;$ 5.800;6,37;$ 910;1,50;9,56;;;
\PROVISIONES\BEBESTIBLES;MANGO JUICE - JUGO DE MANGO 0 % sugar;LT;$ 1.590;1,75;$ 910;1,50;2,62;;;
\PROVISIONES\BEBESTIBLES;MANGO SOUR 700ML;BTLL;$ 4.361;4,79;$ 910;1,50;7,19;;;
\PROVISIONES\BEBESTIBLES;MANQUEHUITO 800 CC ASSORTED;BTLL;$ 1.352;1,49;$ 910;1,50;2,23;;;
\PROVISIONES\BEBESTIBLES;MARQUEZ DE CONCHA CABERNET;BTLL;$ 9.850;10,82;$ 910;1,50;16,24;;;
\PROVISIONES\BEBESTIBLES;MIGUEL TORRES CABERNET SAUVIGNON;BTLL;$ 6.490;7,13;$ 910;1,50;10,70;;;
\PROVISIONES\BEBESTIBLES;MIGUEL TORRES RESERVA 750ML;BTLL;$ 9.800;10,77;$ 910;1,50;16,15;;;
\PROVISIONES\BEBESTIBLES;MINERAL WATER 5 LT;BTLL;$ 1.490;1,64;$ 910;1,50;2,46;;;
\PROVISIONES\BEBESTIBLES;MINERAL WATER 5LT DRUM + WATER PACKAGING;DRUM;$ 5.500;6,04;$ 910;1,50;9,07;;;
\PROVISIONES\BEBESTIBLES;MINERAL WATER 500 ML;BTLL;$ 320;0,35;$ 910;1,50;0,53;;;
\PROVISIONES\BEBESTIBLES;MINERAL WATER 500 ML X 12 - AGUA MINERAL 500 ML X 12 U;PACK;$ 3.840;4,22;$ 910;1,50;6,33;;;
\PROVISIONES\BEBESTIBLES;MISIONES DE RENGO  750 CC;BTLL;$ 2.380;2,62;$ 910;1,50;3,92;;;
\PROVISIONES\BEBESTIBLES;MISIONES DE RENGO VARIETAL CABERNET ;BTLL;$ 2.065;2,27;$ 910;1,50;3,40;;;
\PROVISIONES\BEBESTIBLES;ORANGE JUICE-JUGO NARANJA 100%;LT;$ 3.865;4,25;$ 910;1,50;6,37;;;
\PROVISIONES\BEBESTIBLES;PEPSI COLA 24 X 330 ML;CAJA;$ 15.800;17,36;$ 910;1,50;26,04;;;
\PROVISIONES\BEBESTIBLES;PINOT RED WINE;BTLL;$ 2.490;2,74;$ 910;1,50;4,10;;;
\PROVISIONES\BEBESTIBLES;PISCO 40º - PISCO ALTO DEL CARMEN;BTLL;$ 5.958;6,55;$ 910;1,50;9,82;;;
\PROVISIONES\BEBESTIBLES;PISCO ALTO DEL CARMEN RESERVADO 40 %;BTLL;$ 6.715;7,38;$ 910;1,50;11,07;;;
\PROVISIONES\BEBESTIBLES;PISCO MISTRAL 35;BTLL;$ 5.875;6,46;$ 910;1,50;9,68;;;
\PROVISIONES\BEBESTIBLES;PISCO SOUR 750 ML - ALCOHOL;UNID;$ 3.868;4,25;$ 910;1,50;6,38;;;
\PROVISIONES\BEBESTIBLES;POWERADE BLUE 1 LT X 6 UN;BOX;$ 5.694;6,26;$ 910;1,50;9,39;;;
\PROVISIONES\BEBESTIBLES;RED WINE IN PLASTIC 5 LT;BTLL;$ 5.798;6,37;$ 910;1,50;9,56;;;
\PROVISIONES\BEBESTIBLES;ROSE CHILE 750 CC;BTLL;$ 3.697;4,06;$ 910;1,50;6,09;;;
\PROVISIONES\BEBESTIBLES;SANTA CAROLINA CHARDONNAY 750ML;BTLL;$ 4.990;5,48;$ 910;1,50;8,23;;;
\PROVISIONES\BEBESTIBLES;SANTA EMILIANA ROSE WINE BTLL;BTLL;$ 2.226;2,45;$ 910;1,50;3,67;;;
\PROVISIONES\BEBESTIBLES;SANTA HELENA WINE 1 LT - VINO;BTLL;$ 1.672;1,84;$ 910;1,50;2,76;;;
\PROVISIONES\BEBESTIBLES;SIERRA MORENA RON;BTLL;$ 4.530;4,98;$ 910;1,50;7,47;;;
\PROVISIONES\BEBESTIBLES;SMIRNOFF 750 CC;BTLL;$ 5.873;6,45;$ 910;1,50;9,68;;;
\PROVISIONES\BEBESTIBLES;SPRITE 1,5 LT;BTLL;$ 1.680;1,85;$ 910;1,50;2,77;;;
\PROVISIONES\BEBESTIBLES;SPRITE LATA;TIN;$ 541;0,59;$ 910;1,50;0,89;;;
\PROVISIONES\BEBESTIBLES;STRAWBERRY JUICE - JUGO DE FRUTILLA;LT;$ 1.058;1,16;$ 910;1,50;1,74;;;
\PROVISIONES\BEBESTIBLES;TARAPACA GRAN RESERVA RED - VINO TINTO;BTLL;$ 7.805;8,58;$ 910;1,50;12,87;;;
\PROVISIONES\BEBESTIBLES;TOCORNAL RED WINE 5 LT - VINO TOCORNAL TINTO 5 LT;BIDON;$ 57.840;63,56;$ 910;1,50;95,34;;;
\PROVISIONES\BEBESTIBLES;TORRE 10 BRANDY;BTLL;$ 11.345;12,47;$ 910;1,50;18,70;;;
\PROVISIONES\BEBESTIBLES;VINO 120 3 MEDALLAS;BTLL;$ 2.268;2,49;$ 910;1,50;3,74;;;
\PROVISIONES\BEBESTIBLES;VINO 120 RESERVA ESPECIAL 750 CC;LT;$ 2.932;3,22;$ 910;1,50;4,83;;;
\PROVISIONES\BEBESTIBLES;VINO 120 RESERVA ESPECIAL CABERNET 750 CC;BTLL;$ 2.956;3,25;$ 910;1,50;4,87;;;
\PROVISIONES\BEBESTIBLES;VINO BLANCO EN TETRA- WHITE WINE PACK 2LT;TETRA;$ 3.400;3,74;$ 910;1,50;5,60;;;
\PROVISIONES\BEBESTIBLES;VINO CASA SILVA RESERVA 750CC;BTLL;$ 5.450;5,99;$ 910;1,50;8,98;;;
\PROVISIONES\BEBESTIBLES;VINO CASA SILVA RESERVA CHARDONAY;BTLL;$ 5.450;5,99;$ 910;1,50;8,98;;;
\PROVISIONES\BEBESTIBLES;VINO CASA SILVA RESERVA MALBEC;BTLL;$ 5.450;5,99;$ 910;1,50;8,98;;;
\PROVISIONES\BEBESTIBLES;VINO CASA SILVA RESERVA MERLOT;BTLL;$ 5.450;5,99;$ 910;1,50;8,98;;;
\PROVISIONES\BEBESTIBLES;VINO CASA SILVA RESERVA PINOT NOIR;UNID;$ 5.450;5,99;$ 910;1,50;8,98;;;
\PROVISIONES\BEBESTIBLES;VINO COUSIÑO MACUL DON LUIS CABERNET ;BTLL;$ 3.232;3,55;$ 910;1,50;5,33;;;
\PROVISIONES\BEBESTIBLES;VINO CAUSIÑO MACUL CHARDONAY 750 CC DON LUIS ;BTLL;$ 3.857;4,24;$ 910;1,50;6,36;;;
\PROVISIONES\BEBESTIBLES;VINO CAUSIÑO MACUL DON LUIS 750CC;UNID;$ 3.857;4,24;$ 910;1,50;6,36;;;
\PROVISIONES\BEBESTIBLES;VINO CAUSIÑO MACUL MERLOT 750 CC;BTLL;$ 3.857;4,24;$ 910;1,50;6,36;;;
\PROVISIONES\BEBESTIBLES;VINO GATO VARIETAL CABERNET 700 CC;BTLL;$ 1.684;1,85;$ 910;1,50;2,78;;;
\PROVISIONES\BEBESTIBLES;VINO GATO VARIETAL CARMENERE 700 CC;BTLL;$ 1.684;1,85;$ 910;1,50;2,78;;;
\PROVISIONES\BEBESTIBLES;VINO GATO PREMIUM CABERNET 750 CC;BTLL;$ 2.008;2,21;$ 910;1,50;3,31;;;
\PROVISIONES\BEBESTIBLES;VINO LAS MULAS RESERVA 750 CC CABERNET;BTLL;$ 5.210;5,73;$ 910;1,50;8,59;;;
\PROVISIONES\BEBESTIBLES;VINO MARQUEZ DE CASA 750CC;UNID;$ 9.850;10,82;$ 910;1,50;16,24;;;
\PROVISIONES\BEBESTIBLES;VINO MARQUEZ DE CASA CONCHA CABERNET;BTLL;$ 9.850;10,82;$ 910;1,50;16,24;;;
\PROVISIONES\BEBESTIBLES;VINO MARQUEZ DE CASA CONCHA CARMENERE;BTLL;$ 9.850;10,82;$ 910;1,50;16,24;;;
\PROVISIONES\BEBESTIBLES;VINO MARQUEZ DE CASA CONCHA CHARDONAY;BTLL;$ 9.850;10,82;$ 910;1,50;16,24;;;
\PROVISIONES\BEBESTIBLES;VINO MARQUEZ DE CASA CONCHA SAUVIGNON BLANC;BTLL;$ 9.850;10,82;$ 910;1,50;16,24;;;
\PROVISIONES\BEBESTIBLES;VINO MONTES ALPHA CABERNET 13.5° 750 CC;BTLL;$ 10.271;11,29;$ 910;1,50;16,93;;;
\PROVISIONES\BEBESTIBLES;VINO SANTA CAROLINA 3 EST CABERNET;BTLL;$ 1.933;2,12;$ 910;1,50;3,19;;;
\PROVISIONES\BEBESTIBLES;VINO SANTA CAROLINA 3 EST CARMENERE;BTLL;$ 1.933;2,12;$ 910;1,50;3,19;;;
\PROVISIONES\BEBESTIBLES;VINO SANTA CAROLINA 3 ESTRELLAS 700 CC;BTLL;$ 1.933;2,12;$ 910;1,50;3,19;;;
\PROVISIONES\BEBESTIBLES;VINO SANTA DIGNA RES 700;BTLL;$ 6.470;7,11;$ 910;1,50;10,66;;;
\PROVISIONES\BEBESTIBLES;VINO SANTA EMILIANA CHARDONAY;BTLL;$ 2.226;2,45;$ 910;1,50;3,67;;;
\PROVISIONES\BEBESTIBLES;VINO SANTA EMILIANA MERLOT;BTLL;$ 2.226;2,45;$ 910;1,50;3,67;;;
\PROVISIONES\BEBESTIBLES;VINO UNDURRAGA RHIN 750;BTLL;$ 2.512;2,76;$ 910;1,50;4,14;;;
\PROVISIONES\BEBESTIBLES;VITAL SIN GAS X06 1.600 CC;BOX;$ 3.005;3,30;$ 910;1,50;4,95;;;
\PROVISIONES\BEBESTIBLES;VODKA ABSOLUT CITRON;BTLL;$ 9.780;10,75;$ 910;1,50;16,12;;;
\PROVISIONES\BEBESTIBLES;WHISKEY CHEAP PRICE;BTLL;$ 4.450;4,89;$ 910;1,50;7,34;;;
\PROVISIONES\BEBESTIBLES;WHISKY JACK DANIELS;BTLL;$ 20.400;22,42;$ 910;1,50;33,63;;;
\PROVISIONES\BEBESTIBLES;WINE CASINO MACUL DON LUIS RED - VINO CASINO MACUL DON LUIS TINTO;BTLL;$ 4.865;5,35;$ 910;1,50;8,02;;;
\PROVISIONES\BEBESTIBLES;WINE CAUSIÑO MACUL CABERNET;BTLL;$ 4.865;5,35;$ 910;1,50;8,02;;;
\PROVISIONES\BEBESTIBLES;WINE CAUSIÑO MACUL SAUVIGNON;BTLL;$ 4.865;5,35;$ 910;1,50;8,02;;;
\PROVISIONES\BEBESTIBLES;WINE GRAN TARAPACA 750 CC - VINO;BTLL;$ 2.865;3,15;$ 910;1,50;4,72;;;
\PROVISIONES\BEBESTIBLES;WINE GRAN TARAPACA CABERNET;BTLL;$ 2.865;3,15;$ 910;1,50;4,72;;;
\PROVISIONES\BEBESTIBLES;WINE GRAN TARAPACA CHARDONAY;BTLL;$ 2.865;3,15;$ 910;1,50;4,72;;;
;;;;;;;;;;
;;;;;;;;;;
;;;;;;;;;;
;;;;;;;;;;
;;;;;;;;;;
;;;;;;;;;;
;;;;;;;;;;
;;;;;;;;;;
;;;;;;;;;;
;;;;;;;;;;
;;;;;;;;;;
;;;;;;;;;;
;;;;;;;;;;
;;;;;;;;;;
;;;;;;;;;;
;;;;;;;;;;
;;;;;;;;;;
;;;;;;;;;;
;;;;;;;;;;
;;;;;;;;;;
;;;;;;;;;;
;;;;;;;;;;
;;;;;;;;;;
;;;;;;;;;;
;;;;;;;;;;
;;;;;;;;;;
;;;;;;;;;;
;;;;;;;;;;
;;;;;;;;;;
;;;;;;;;;;
;;;;;;;;;;
;;;;;;;;;;
;;;;;;;;;;
;;;;;;;;;;
;;;;;;;;;;
;;;;;;;;;;
;;;;;;;;;;
;;;;;;;;;;
;;;;;;;;;;
;;;;;;;;;;
;;;;;;;;;;
;;;;;;;;;;
;;;;;;;;;;
;;;;;;;;;;
;;;;;;;;;;
;;;;;;;;;;
;;;;;;;;;;
;;;;;;;;;;
;;;;;;;;;;
;;;;;;;;;;
;;;;;;;;;;
;;;;;;;;;;
;;;;;;;;;;
;;;;;;;;;;
;;;;;;;;;;
;;;;;;;;;;
;;;;;;;;;;
;;;;;;;;;;
;;;;;;;;;;
;;;;;;;;;;
;;;;;;;;;;
;;;;;;;;;;
;;;;;;;;;;
;;;;;;;;;;
;;;;;;;;;;
;;;;;;;;;;
;;;;;;;;;;
;;;;;;;;;;
;;;;;;;;;;
;;;;;;;;;;
;;;;;;;;;;
;;;;;;;;;;
;;;;;;;;;;
;;;;;;;;;;
;;;;;;;;;;
;;;;;;;;;;
;;;;;;;;;;
;;;;;;;;;;
;;;;;;;;;;
;;;;;;;;;;
;;;;;;;;;;
;;;;;;;;;;
;;;;;;;;;;
;;;;;;;;;;
;;;;;;;;;;
;;;;;;;;;;
;;;;;;;;;;
;;;;;;;;;;
;;;;;;;;;;
;;;;;;;;;;
;;;;;;;;;;
;;;;;;;;;;
;;;;;;;;;;
;;;;;;;;;;
;;;;;;;;;;
;;;;;;;;;;
;;;;;;;;;;
;;;;;;;;;;
;;;;;;;;;;
;;;;;;;;;;
;;;;;;;;;;
;;;;;;;;;;
;;;;;;;;;;
;;;;;;;;;;
;;;;;;;;;;
;;;;;;;;;;
;;;;;;;;;;
;;;;;;;;;;
;;;;;;;;;;
;;;;;;;;;;
;;;;;;;;;;
;;;;;;;;;;
;;;;;;;;;;
;;;;;;;;;;
;;;;;;;;;;
;;;;;;;;;;
;;;;;;;;;;
;;;;;;;;;;
;;;;;;;;;;
;;;;;;;;;;
;;;;;;;;;;
;;;;;;;;;;
;;;;;;;;;;
;;;;;;;;;;
;;;;;;;;;;
;;;;;;;;;;
;;;;;;;;;;
;;;;;;;;;;
;;;;;;;;;;
;;;;;;;;;;
;;;;;;;;;;
;;;;;;;;;;
;;;;;;;;;;
;;;;;;;;;;
;;;;;;;;;;
;;;;;;;;;;
;;;;;;;;;;
;;;;;;;;;;
;;;;;;;;;;
;;;;;;;;;;
;;;;;;;;;;
;;;;;;;;;;
;;;;;;;;;;
;;;;;;;;;;
;;;;;;;;;;
;;;;;;;;;;
;;;;;;;;;;
;;;;;;;;;;
;;;;;;;;;;
;;;;;;;;;;
;;;;;;;;;;
;;;;;;;;;;
;;;;;;;;;;
;;;;;;;;;;
;;;;;;;;;;
;;;;;;;;;;
;;;;;;;;;;
;;;;;;;;;;
;;;;;;;;;;
;;;;;;;;;;
;;;;;;;;;;
;;;;;;;;;;
;;;;;;;;;;
;;;;;;;;;;
;;;;;;;;;;
;;;;;;;;;;
;;;;;;;;;;
;;;;;;;;;;
;;;;;;;;;;
;;;;;;;;;;
;;;;;;;;;;
;;;;;;;;;;
;;;;;;;;;;
;;;;;;;;;;
;;;;;;;;;;
;;;;;;;;;;
;;;;;;;;;;
;;;;;;;;;;
;;;;;;;;;;
;;;;;;;;;;
;;;;;;;;;;
;;;;;;;;;;
;;;;;;;;;;
;;;;;;;;;;
;;;;;;;;;;
;;;;;;;;;;
;;;;;;;;;;
;;;;;;;;;;
;;;;;;;;;;
;;;;;;;;;;
;;;;;;;;;;
;;;;;;;;;;
;;;;;;;;;;
;;;;;;;;;;
;;;;;;;;;;
;;;;;;;;;;
;;;;;;;;;;
;;;;;;;;;;
;;;;;;;;;;
;;;;;;;;;;
;;;;;;;;;;
;;;;;;;;;;
;;;;;;;;;;
;;;;;;;;;;
;;;;;;;;;;
;;;;;;;;;;
;;;;;;;;;;
;;;;;;;;;;
;;;;;;;;;;
;;;;;;;;;;
;;;;;;;;;;
;;;;;;;;;;
;;;;;;;;;;
;;;;;;;;;;
;;;;;;;;;;
;;;;;;;;;;
;;;;;;;;;;
;;;;;;;;;;
;;;;;;;;;;
;;;;;;;;;;
;;;;;;;;;;
;;;;;;;;;;
;;;;;;;;;;
;;;;;;;;;;
;;;;;;;;;;
;;;;;;;;;;
;;;;;;;;;;
;;;;;;;;;;
;;;;;;;;;;
;;;;;;;;;;
;;;;;;;;;;
;;;;;;;;;;
;;;;;;;;;;
;;;;;;;;;;
;;;;;;;;;;
;;;;;;;;;;
;;;;;;;;;;
;;;;;;;;;;
;;;;;;;;;;
;;;;;;;;;;
;;;;;;;;;;
;;;;;;;;;;
;;;;;;;;;;
;;;;;;;;;;
;;;;;;;;;;
;;;;;;;;;;
;;;;;;;;;;
;;;;;;;;;;
;;;;;;;;;;
;;;;;;;;;;
;;;;;;;;;;
;;;;;;;;;;
;;;;;;;;;;
;;;;;;;;;;
;;;;;;;;;;
;;;;;;;;;;
;;;;;;;;;;
;;;;;;;;;;
;;;;;;;;;;
;;;;;;;;;;
;;;;;;;;;;
;;;;;;;;;;
;;;;;;;;;;
;;;;;;;;;;
;;;;;;;;;;
;;;;;;;;;;
;;;;;;;;;;
;;;;;;;;;;
;;;;;;;;;;
;;;;;;;;;;
;;;;;;;;;;
;;;;;;;;;;
;;;;;;;;;;
;;;;;;;;;;
;;;;;;;;;;
;;;;;;;;;;
;;;;;;;;;;
;;;;;;;;;;
;;;;;;;;;;
;;;;;;;;;;
;;;;;;;;;;
;;;;;;;;;;
;;;;;;;;;;
;;;;;;;;;;
;;;;;;;;;;
;;;;;;;;;;
;;;;;;;;;;
;;;;;;;;;;
;;;;;;;;;;
;;;;;;;;;;
;;;;;;;;;;
;;;;;;;;;;
;;;;;;;;;;
;;;;;;;;;;
;;;;;;;;;;
;;;;;;;;;;
;;;;;;;;;;
;;;;;;;;;;
;;;;;;;;;;
;;;;;;;;;;
;;;;;;;;;;
;;;;;;;;;;
;;;;;;;;;;
;;;;;;;;;;
;;;;;;;;;;
;;;;;;;;;;
;;;;;;;;;;
;;;;;;;;;;
;;;;;;;;;;
;;;;;;;;;;
;;;;;;;;;;
;;;;;;;;;;
;;;;;;;;;;
;;;;;;;;;;
;;;;;;;;;;
;;;;;;;;;;
;;;;;;;;;;
;;;;;;;;;;
;;;;;;;;;;
;;;;;;;;;;
;;;;;;;;;;
;;;;;;;;;;
;;;;;;;;;;
;;;;;;;;;;
;;;;;;;;;;
;;;;;;;;;;
;;;;;;;;;;
;;;;;;;;;;
;;;;;;;;;;
;;;;;;;;;;
;;;;;;;;;;
;;;;;;;;;;
;;;;;;;;;;
;;;;;;;;;;
;;;;;;;;;;
;;;;;;;;;;
;;;;;;;;;;
;;;;;;;;;;
;;;;;;;;;;
;;;;;;;;;;
;;;;;;;;;;
;;;;;;;;;;
;;;;;;;;;;
;;;;;;;;;;
;;;;;;;;;;
;;;;;;;;;;
;;;;;;;;;;
;;;;;;;;;;
;;;;;;;;;;
;;;;;;;;;;
;;;;;;;;;;
;;;;;;;;;;
;;;;;;;;;;
;;;;;;;;;;
;;;;;;;;;;
;;;;;;;;;;
;;;;;;;;;;
;;;;;;;;;;
;;;;;;;;;;
;;;;;;;;;;
;;;;;;;;;;
;;;;;;;;;;
;;;;;;;;;;
;;;;;;;;;;
;;;;;;;;;;
;;;;;;;;;;
;;;;;;;;;;
;;;;;;;;;;
;;;;;;;;;;
;;;;;;;;;;
;;;;;;;;;;
;;;;;;;;;;
;;;;;;;;;;
;;;;;;;;;;
;;;;;;;;;;
;;;;;;;;;;
;;;;;;;;;;
;;;;;;;;;;
;;;;;;;;;;
;;;;;;;;;;
;;;;;;;;;;
;;;;;;;;;;
;;;;;;;;;;
;;;;;;;;;;
;;;;;;;;;;
;;;;;;;;;;
;;;;;;;;;;
;;;;;;;;;;
;;;;;;;;;;
;;;;;;;;;;
;;;;;;;;;;
;;;;;;;;;;
;;;;;;;;;;
;;;;;;;;;;
;;;;;;;;;;
;;;;;;;;;;
;;;;;;;;;;
;;;;;;;;;;
;;;;;;;;;;
;;;;;;;;;;
;;;;;;;;;;
;;;;;;;;;;
;;;;;;;;;;
;;;;;;;;;;
;;;;;;;;;;
;;;;;;;;;;
;;;;;;;;;;
;;;;;;;;;;
;;;;;;;;;;
;;;;;;;;;;
;;;;;;;;;;
;;;;;;;;;;
;;;;;;;;;;
;;;;;;;;;;
;;;;;;;;;;
;;;;;;;;;;
;;;;;;;;;;
;;;;;;;;;;
;;;;;;;;;;
;;;;;;;;;;
;;;;;;;;;;
;;;;;;;;;;
;;;;;;;;;;
;;;;;;;;;;
;;;;;;;;;;
;;;;;;;;;;
;;;;;;;;;;
;;;;;;;;;;
;;;;;;;;;;
;;;;;;;;;;
;;;;;;;;;;
;;;;;;;;;;
;;;;;;;;;;
;;;;;;;;;;
;;;;;;;;;;
;;;;;;;;;;
;;;;;;;;;;
;;;;;;;;;;
;;;;;;;;;;
;;;;;;;;;;
;;;;;;;;;;
;;;;;;;;;;
;;;;;;;;;;
;;;;;;;;;;
;;;;;;;;;;
;;;;;;;;;;
;;;;;;;;;;
;;;;;;;;;;
;;;;;;;;;;
;;;;;;;;;;
;;;;;;;;;;
;;;;;;;;;;
;;;;;;;;;;
;;;;;;;;;;
;;;;;;;;;;
;;;;;;;;;;
;;;;;;;;;;
;;;;;;;;;;
;;;;;;;;;;
;;;;;;;;;;
;;;;;;;;;;
;;;;;;;;;;
;;;;;;;;;;
;;;;;;;;;;
;;;;;;;;;;
;;;;;;;;;;
;;;;;;;;;;
;;;;;;;;;;
;;;;;;;;;;
;;;;;;;;;;
;;;;;;;;;;
;;;;;;;;;;
;;;;;;;;;;
;;;;;;;;;;
;;;;;;;;;;
;;;;;;;;;;
;;;;;;;;;;
;;;;;;;;;;
;;;;;;;;;;
;;;;;;;;;;
;;;;;;;;;;
;;;;;;;;;;
;;;;;;;;;;
;;;;;;;;;;
;;;;;;;;;;
;;;;;;;;;;
;;;;;;;;;;
;;;;;;;;;;
;;;;;;;;;;
;;;;;;;;;;
;;;;;;;;;;
;;;;;;;;;;
;;;;;;;;;;
;;;;;;;;;;
;;;;;;;;;;
;;;;;;;;;;
;;;;;;;;;;
;;;;;;;;;;
;;;;;;;;;;
;;;;;;;;;;
;;;;;;;;;;
;;;;;;;;;;
;;;;;;;;;;
;;;;;;;;;;
;;;;;;;;;;
;;;;;;;;;;
;;;;;;;;;;
;;;;;;;;;;
;;;;;;;;;;
;;;;;;;;;;
;;;;;;;;;;
;;;;;;;;;;
;;;;;;;;;;
;;;;;;;;;;
;;;;;;;;;;
;;;;;;;;;;
;;;;;;;;;;
;;;;;;;;;;
;;;;;;;;;;
;;;;;;;;;;
;;;;;;;;;;
;;;;;;;;;;
;;;;;;;;;;
;;;;;;;;;;
;;;;;;;;;;
;;;;;;;;;;
;;;;;;;;;;
;;;;;;;;;;
;;;;;;;;;;
;;;;;;;;;;
;;;;;;;;;;
;;;;;;;;;;
;;;;;;;;;;
;;;;;;;;;;
;;;;;;;;;;
;;;;;;;;;;
;;;;;;;;;;
;;;;;;;;;;
;;;;;;;;;;
;;;;;;;;;;
;;;;;;;;;;
;;;;;;;;;;
;;;;;;;;;;
;;;;;;;;;;
;;;;;;;;;;
;;;;;;;;;;
;;;;;;;;;;
;;;;;;;;;;
;;;;;;;;;;
;;;;;;;;;;
;;;;;;;;;;
;;;;;;;;;;
;;;;;;;;;;
;;;;;;;;;;
;;;;;;;;;;
;;;;;;;;;;
;;;;;;;;;;
;;;;;;;;;;
;;;;;;;;;;
;;;;;;;;;;
;;;;;;;;;;
;;;;;;;;;;
;;;;;;;;;;
;;;;;;;;;;
;;;;;;;;;;
;;;;;;;;;;
;;;;;;;;;;
;;;;;;;;;;
;;;;;;;;;;
;;;;;;;;;;
;;;;;;;;;;
;;;;;;;;;;
;;;;;;;;;;
;;;;;;;;;;
;;;;;;;;;;
;;;;;;;;;;
;;;;;;;;;;
;;;;;;;;;;
;;;;;;;;;;
;;;;;;;;;;
;;;;;;;;;;
;;;;;;;;;;
;;;;;;;;;;
;;;;;;;;;;
;;;;;;;;;;
;;;;;;;;;;
;;;;;;;;;;
;;;;;;;;;;
;;;;;;;;;;
;;;;;;;;;;
;;;;;;;;;;
;;;;;;;;;;
;;;;;;;;;;
;;;;;;;;;;
;;;;;;;;;;
;;;;;;;;;;
;;;;;;;;;;
;;;;;;;;;;
;;;;;;;;;;
;;;;;;;;;;
;;;;;;;;;;
;;;;;;;;;;
;;;;;;;;;;
;;;;;;;;;;
;;;;;;;;;;
;;;;;;;;;;
;;;;;;;;;;
;;;;;;;;;;
;;;;;;;;;;
;;;;;;;;;;
;;;;;;;;;;
;;;;;;;;;;
;;;;;;;;;;
;;;;;;;;;;
;;;;;;;;;;
;;;;;;;;;;
;;;;;;;;;;
;;;;;;;;;;
;;;;;;;;;;
;;;;;;;;;;
;;;;;;;;;;
;;;;;;;;;;
;;;;;;;;;;
;;;;;;;;;;
;;;;;;;;;;
;;;;;;;;;;
;;;;;;;;;;
;;;;;;;;;;
;;;;;;;;;;
;;;;;;;;;;
;;;;;;;;;;
;;;;;;;;;;
;;;;;;;;;;
;;;;;;;;;;
;;;;;;;;;;
;;;;;;;;;;
;;;;;;;;;;
;;;;;;;;;;
;;;;;;;;;;
;;;;;;;;;;
;;;;;;;;;;
;;;;;;;;;;
;;;;;;;;;;
;;;;;;;;;;
;;;;;;;;;;
;;;;;;;;;;
;;;;;;;;;;
;;;;;;;;;;
;;;;;;;;;;
;;;;;;;;;;
;;;;;;;;;;
;;;;;;;;;;
;;;;;;;;;;
;;;;;;;;;;
;;;;;;;;;;
;;;;;;;;;;
;;;;;;;;;;
;;;;;;;;;;
;;;;;;;;;;
;;;;;;;;;;
;;;;;;;;;;
;;;;;;;;;;
;;;;;;;;;;
;;;;;;;;;;
;;;;;;;;;;
;;;;;;;;;;
;;;;;;;;;;
;;;;;;;;;;
;;;;;;;;;;
;;;;;;;;;;
;;;;;;;;;;
;;;;;;;;;;
;;;;;;;;;;
;;;;;;;;;;
;;;;;;;;;;
;;;;;;;;;;
;;;;;;;;;;
;;;;;;;;;;
;;;;;;;;;;
;;;;;;;;;;
;;;;;;;;;;
;;;;;;;;;;
;;;;;;;;;;
;;;;;;;;;;
;;;;;;;;;;
;;;;;;;;;;
;;;;;;;;;;
;;;;;;;;;;
;;;;;;;;;;
;;;;;;;;;;
;;;;;;;;;;
;;;;;;;;;;
;;;;;;;;;;
;;;;;;;;;;
;;;;;;;;;;
;;;;;;;;;;
;;;;;;;;;;
;;;;;;;;;;
;;;;;;;;;;
;;;;;;;;;;
;;;;;;;;;;
;;;;;;;;;;
;;;;;;;;;;
;;;;;;;;;;
;;;;;;;;;;
;;;;;;;;;;
;;;;;;;;;;
;;;;;;;;;;
;;;;;;;;;;
;;;;;;;;;;
;;;;;;;;;;
;;;;;;;;;;
;;;;;;;;;;
;;;;;;;;;;
;;;;;;;;;;
;;;;;;;;;;
;;;;;;;;;;
;;;;;;;;;;
;;;;;;;;;;
;;;;;;;;;;
;;;;;;;;;;
;;;;;;;;;;
;;;;;;;;;;
;;;;;;;;;;
;;;;;;;;;;
;;;;;;;;;;
;;;;;;;;;;
;;;;;;;;;;
;;;;;;;;;;
;;;;;;;;;;
;;;;;;;;;;
;;;;;;;;;;
;;;;;;;;;;
;;;;;;;;;;
;;;;;;;;;;
;;;;;;;;;;
;;;;;;;;;;
;;;;;;;;;;
;;;;;;;;;;
;;;;;;;;;;
;;;;;;;;;;
;;;;;;;;;;
;;;;;;;;;;
;;;;;;;;;;
;;;;;;;;;;
;;;;;;;;;;
;;;;;;;;;;
;;;;;;;;;;
;;;;;;;;;;
;;;;;;;;;;
;;;;;;;;;;
;;;;;;;;;;
;;;;;;;;;;
;;;;;;;;;;
;;;;;;;;;;
;;;;;;;;;;
;;;;;;;;;;
;;;;;;;;;;
;;;;;;;;;;
;;;;;;;;;;
;;;;;;;;;;
;;;;;;;;;;
;;;;;;;;;;
;;;;;;;;;;
;;;;;;;;;;
;;;;;;;;;;
;;;;;;;;;;
;;;;;;;;;;
;;;;;;;;;;
;;;;;;;;;;
;;;;;;;;;;
;;;;;;;;;;
;;;;;;;;;;
;;;;;;;;;;
;;;;;;;;;;
;;;;;;;;;;
;;;;;;;;;;
;;;;;;;;;;
;;;;;;;;;;
;;;;;;;;;;
;;;;;;;;;;
;;;;;;;;;;
;;;;;;;;;;
;;;;;;;;;;
;;;;;;;;;;
;;;;;;;;;;
;;;;;;;;;;
;;;;;;;;;;
;;;;;;;;;;
;;;;;;;;;;
;;;;;;;;;;
;;;;;;;;;;
;;;;;;;;;;
;;;;;;;;;;
;;;;;;;;;;
;;;;;;;;;;
;;;;;;;;;;
;;;;;;;;;;
;;;;;;;;;;
;;;;;;;;;;
;;;;;;;;;;
;;;;;;;;;;
;;;;;;;;;;
;;;;;;;;;;
;;;;;;;;;;
;;;;;;;;;;
;;;;;;;;;;
;;;;;;;;;;
;;;;;;;;;;
;;;;;;;;;;
;;;;;;;;;;
;;;;;;;;;;
;;;;;;;;;;
;;;;;;;;;;
;;;;;;;;;;
;;;;;;;;;;
;;;;;;;;;;
;;;;;;;;;;
;;;;;;;;;;
;;;;;;;;;;
;;;;;;;;;;
;;;;;;;;;;
;;;;;;;;;;
;;;;;;;;;;
;;;;;;;;;;
;;;;;;;;;;
;;;;;;;;;;
;;;;;;;;;;
;;;;;;;;;;
;;;;;;;;;;
;;;;;;;;;;
;;;;;;;;;;
;;;;;;;;;;
;;;;;;;;;;
;;;;;;;;;;
;;;;;;;;;;
;;;;;;;;;;
;;;;;;;;;;
;;;;;;;;;;
;;;;;;;;;;
;;;;;;;;;;
;;;;;;;;;;
;;;;;;;;;;
;;;;;;;;;;
;;;;;;;;;;
;;;;;;;;;;
;;;;;;;;;;
;;;;;;;;;;
;;;;;;;;;;
;;;;;;;;;;
;;;;;;;;;;
;;;;;;;;;;
;;;;;;;;;;
;;;;;;;;;;
;;;;;;;;;;
;;;;;;;;;;
;;;;;;;;;;
;;;;;;;;;;
;;;;;;;;;;
;;;;;;;;;;
;;;;;;;;;;
;;;;;;;;;;
;;;;;;;;;;
;;;;;;;;;;
;;;;;;;;;;
;;;;;;;;;;
;;;;;;;;;;
;;;;;;;;;;
;;;;;;;;;;
;;;;;;;;;;
;;;;;;;;;;
;;;;;;;;;;
;;;;;;;;;;
;;;;;;;;;;
;;;;;;;;;;
;;;;;;;;;;
;;;;;;;;;;
;;;;;;;;;;
;;;;;;;;;;
;;;;;;;;;;
;;;;;;;;;;
;;;;;;;;;;
;;;;;;;;;;
;;;;;;;;;;
;;;;;;;;;;
;;;;;;;;;;
;;;;;;;;;;
;;;;;;;;;;
;;;;;;;;;;
;;;;;;;;;;
;;;;;;;;;;
;;;;;;;;;;
;;;;;;;;;;
;;;;;;;;;;
;;;;;;;;;;
;;;;;;;;;;
;;;;;;;;;;
;;;;;;;;;;
;;;;;;;;;;
;;;;;;;;;;
;;;;;;;;;;
;;;;;;;;;;
;;;;;;;;;;
;;;;;;;;;;
;;;;;;;;;;
;;;;;;;;;;
;;;;;;;;;;
;;;;;;;;;;
;;;;;;;;;;
;;;;;;;;;;
;;;;;;;;;;
;;;;;;;;;;
;;;;;;;;;;
;;;;;;;;;;
;;;;;;;;;;
;;;;;;;;;;
;;;;;;;;;;
;;;;;;;;;;
;;;;;;;;;;
;;;;;;;;;;
;;;;;;;;;;
;;;;;;;;;;
;;;;;;;;;;
;;;;;;;;;;
;;;;;;;;;;
;;;;;;;;;;
;;;;;;;;;;
;;;;;;;;;;
;;;;;;;;;;
;;;;;;;;;;
;;;;;;;;;;
;;;;;;;;;;
;;;;;;;;;;
;;;;;;;;;;
;;;;;;;;;;
;;;;;;;;;;
;;;;;;;;;;
;;;;;;;;;;
;;;;;;;;;;
;;;;;;;;;;
;;;;;;;;;;
;;;;;;;;;;
;;;;;;;;;;
;;;;;;;;;;
;;;;;;;;;;
;;;;;;;;;;
;;;;;;;;;;
;;;;;;;;;;
;;;;;;;;;;
;;;;;;;;;;
;;;;;;;;;;
;;;;;;;;;;
;;;;;;;;;;
;;;;;;;;;;
;;;;;;;;;;
;;;;;;;;;;
;;;;;;;;;;
;;;;;;;;;;
;;;;;;;;;;
;;;;;;;;;;
;;;;;;;;;;
;;;;;;;;;;
;;;;;;;;;;
;;;;;;;;;;
;;;;;;;;;;
;;;;;;;;;;
;;;;;;;;;;
;;;;;;;;;;
;;;;;;;;;;
;;;;;;;;;;
;;;;;;;;;;
;;;;;;;;;;
;;;;;;;;;;
;;;;;;;;;;
;;;;;;;;;;
;;;;;;;;;;
;;;;;;;;;;
;;;;;;;;;;
;;;;;;;;;;
;;;;;;;;;;
;;;;;;;;;;
;;;;;;;;;;
;;;;;;;;;;
;;;;;;;;;;
;;;;;;;;;;
;;;;;;;;;;
;;;;;;;;;;
;;;;;;;;;;
;;;;;;;;;;
;;;;;;;;;;
;;;;;;;;;;
;;;;;;;;;;