;;;;;$910;1,5;
;;;;;;;
FAMILIA PRODUCTOS;DESCRIPCIÓN;UNID DE MEDIDA;VALOR PESOS $;PRECIO COSTO NETO  ;TIPO CAMBIO $;PORCENTAJE;PRECIO VENTA NETO 
\PROVISIONES\LACTEOS;ALL PURPOSE CREAM - CREMA;LT;$3.205;3,52;$910;1,5;5,28
\PROVISIONES\LACTEOS;ALL PURPOSE CREAM - CREMA;UNID;$2.932;3,22;$910;1,5;4,83
\PROVISIONES\LACTEOS;BURSIN CHEESE CREAM - QUESO CREMA BURSIN;UNID;$1.681;1,85;$910;1,5;2,77
\PROVISIONES\LACTEOS;BUTTER UNSALTED - MANTEQUILLA SIN SAL;KG;$8.153;8,96;$910;1,5;13,44
\PROVISIONES\LACTEOS;BUTTER WITH SALT - MANTEQUILLA CON SAL;KG;$7.831;8,61;$910;1,5;12,91
\PROVISIONES\LACTEOS;BUTTER GHEE GHREE- MANTEQUILLA PURIFICADA KG;KG;$25.210;27,7;$910;1,5;41,55
\PROVISIONES\LACTEOS;CHAMITO 12 UNID;PKT;$4.033;4,43;$910;1,5;6,65
\PROVISIONES\LACTEOS;CHEDDAR CHEESE SLICED- QUESO CHEDAR LAMINADO ;KG;$8.900;9,78;$910;1,5;14,67
\PROVISIONES\LACTEOS;CHEESE BLUE - QUESO AZUL 100 grs;UNID;$2.904;3,19;$910;1,5;4,79
\PROVISIONES\LACTEOS;CHEESE BRIE - QUESO BRIE 125 GR;UNID;$2.932;3,22;$910;1,5;4,83
\PROVISIONES\LACTEOS;CHEESE CAMEMBERT 100GRS;PKT;$3.067;3,37;$910;1,5;5,06
\PROVISIONES\LACTEOS;CHEESE COTTAGE - QUESO COTTAGE 200 grs;UNID;$3.436;3,78;$910;1,5;5,66
\PROVISIONES\LACTEOS;CHEESE CREAM - QUESO CREMA;KG;$7.110;7,81;$910;1,5;11,72
\PROVISIONES\LACTEOS;CHEESE CREAM WITH GARLIC - QUESO CON AJO 100GRS;UNID;$1.930;2,12;$910;1,5;3,18
\PROVISIONES\LACTEOS;CHEESE CREAM WITH HERB - QUESO CREMA CON HIERBAS;UNID;$1.681;1,85;$910;1,5;2,77
\PROVISIONES\LACTEOS;CHEESE EDAM - QUESO EDAM;KG;$9.227;10,14;$910;1,5;15,21
\PROVISIONES\LACTEOS;CHEESE EMMENTAL - QUESO EMMENTAL;KG;$21.764;23,92;$910;1,5;35,87
\PROVISIONES\LACTEOS;CHEESE GOUDA - QUESO GOUDA;KG;$6.267;6,89;$910;1,5;10,33
\PROVISIONES\LACTEOS;CHEESE LA VAQUITA QUE RIE 128 grs;PAQUETE;$3.101;3,41;$910;1,5;5,11
\PROVISIONES\LACTEOS;CHEESE MOZZARELLA - QUESO MOZZARELLA;KG;$6.490;7,13;$910;1,5;10,7
\PROVISIONES\LACTEOS;CHEESE MOZZARELLA GRATED;KG;$13.278;14,59;$910;1,5;21,89
\PROVISIONES\LACTEOS;CHEESE PARMESAN GRATED 100GRS;PKT;$3.150;3,46;$910;1,5;5,19
\PROVISIONES\LACTEOS;CHEESE PARMESAN GRATED;KG;$26.000;28,57;$910;1,5;42,86
\PROVISIONES\LACTEOS;CHEESE PHILADELPHIA - QUESO PHILADELPHIA;UNID;$3.017;3,32;$910;1,5;4,97
\PROVISIONES\LACTEOS;CHEESE RICOTTA  - QUESO RICOTTA;KG;$12.437;13,67;$910;1,5;20,5
\PROVISIONES\LACTEOS;CHEESE SLICED 250 GRS - QUESO LAMINADO;PAQUETE;$2.857;3,14;$910;1,5;4,71
\PROVISIONES\LACTEOS;CHOCOLATE MILK  - LECHE DE CHOCOLATE;LT;$1.428;1,57;$910;1,5;2,35
\PROVISIONES\LACTEOS;CHOCOLATE MILK 200 ML;PCS;$440;0,48;$910;1,5;0,73
\PROVISIONES\LACTEOS;COOKING CREAM LL - CREMA PARA COCINAR;LT;$5.040;5,54;$910;1,5;8,31
\PROVISIONES\LACTEOS;CREAM CHESSE - QUESO CREMA;UNID;$2.512;2,76;$910;1,5;4,14
\PROVISIONES\LACTEOS;CREAM IN TIN 155 GR - CREMA;TIN;$2.219;2,44;$910;1,5;3,66
\PROVISIONES\LACTEOS;CREAM SPRAY - CREMA SPRAY;UNID;$4.109;4,52;$910;1,5;6,77
\PROVISIONES\LACTEOS;FETTA CHEESE - QUESO FETA;KG;$23.900;26,26;$910;1,5;39,4
\PROVISIONES\LACTEOS;FRUIT YOGURT - YOGURT;UNID;$259;0,28;$910;1,5;0,43
\PROVISIONES\LACTEOS;GOAT CHEESE - QUESO CABRA;KG;$12.500;13,74;$910;1,5;20,6
\PROVISIONES\LACTEOS;GOUDA CHEESE SLICED - QUESO GOUDA LAMINADO;KG;$8.235;9,05;$910;1,5;13,57
\PROVISIONES\LACTEOS;KEFIR NATURAL 900ML/BTL;BTLL;$2.437;2,68;$910;1,5;4,02
\PROVISIONES\LACTEOS;LECHE EVAPORADA;tin;$1.290;1,42;$910;1,5;2,13
\PROVISIONES\LACTEOS;LL MILK LOW FAT  - LECHE DESCREMADA;LT;$924;1,02;$910;1,5;1,52
\PROVISIONES\LACTEOS;MARGARINE - MARGARINA;KG;$3.345;3,68;$910;1,5;5,51
\PROVISIONES\LACTEOS;MARGARINE 250 GR - MARGARINA;UNID;$1.217;1,34;$910;1,5;2,01
\PROVISIONES\LACTEOS;MARGARINE 500 GR - MARGARINA 500 GR;UNID;$2.352;2,58;$910;1,5;3,88
\PROVISIONES\LACTEOS;MILK BANANA 1 LT - LECHE DE PLATANO;LT;$1.428;1,57;$910;1,5;2,35
\PROVISIONES\LACTEOS;MILK LONGLIFE 3.5 % - LECHE LIQUIDA;LTR;$913;1;$910;1,5;1,5
\PROVISIONES\LACTEOS;MILK LOW FAT - LECHE SEMIDESCREMADA;LTR;$924;1,02;$910;1,5;1,52
\PROVISIONES\LACTEOS;MILK STRAWBERRY 1 LT - LECHE DE FRUTILLA;LT;$1.463;1,61;$910;1,5;2,41
\PROVISIONES\LACTEOS;PARMESAN CHEESE PC - QUESO PARMESANO PIEZA MINIMUN 8 KG;KG;$12.605;13,85;$910;1,5;20,78
\PROVISIONES\LACTEOS;PARMESAN CHEESE POWDER - QUESO PARMESANO 80GRS;PKT;$1.840;2,02;$910;1,5;3,03
\PROVISIONES\LACTEOS;PEANUT BUTTER 510 G - MANTEQUILLA DE MANI 510G;KG;$3.344;3,67;$910;1,5;5,51
\PROVISIONES\LACTEOS;QUESO MOZZARELA GRANULADO;KG;$13.277;14,59;$910;1,5;21,89
\PROVISIONES\LACTEOS;SMOKED CHEESE;KG;$19.328;21,24;$910;1,5;31,86
\PROVISIONES\LACTEOS;SOFT CHEESE;KG;$7.394;8,13;$910;1,5;12,19
\PROVISIONES\LACTEOS;SOUR CREAM - CREMA ACIDA ;LT;$18.824;20,69;$910;1,5;31,03
\PROVISIONES\LACTEOS;SOUR CREAM X 200 ML - CREMA ACIDA;CUP;$3.765;4,14;$910;1,5;6,21
\PROVISIONES\LACTEOS;YOGHURT 1 LT;LT;$2.176;2,39;$910;1,5;3,59
\PROVISIONES\LACTEOS;YOGHURT FRUIT - LT;LT;$2.185;2,4;$910;1,5;3,6
\PROVISIONES\LACTEOS;YOGHURT FRUIT LIGHT - YOGHURT LIGTH 120GRS;CUP;$261;0,29;$910;1,5;0,43
\PROVISIONES\LACTEOS;YOGHURT NATURAL 800 ML;BTL;$3.017;3,32;$910;1,5;4,97
\PROVISIONES\LACTEOS;YOGHURT PLAIN 150 GR - YOGHURT NATURAL 150 GR;CUP;$500;0,55;$910;1,5;0,82
\PROVISIONES\LACTEOS;YOGHURT WITH FRUIT - YOGHURT CON FRUTA;CUP;$580;0,64;$910;1,5;0,96
;;;;;;;