;;;;;$ 870;1,55;;;;
;;;;;;;;;;
FAMILIA PRODUCTOS;DESCRIPCIÓN;UNIDAD DE MEDIDA;VALOR PESOS $;PRECIO COSTO NETO  ;TIPO CAMBIO $;PORCENTAJE;PRECIO VENTA NETO ;;;
\PROVISIONES\ABARROTES;AFTER EGHT CHOCOLATE 200GR - CHOCOLATE 200GR;PCS;$ 0;0,00;$ 870;1,55;0,00;;;
\PROVISIONES\ABARROTES;TEA JASMINE X 20 S - TE JAZMIN 100S;UNIT;$ 0;0,00;$ 870;1,55;0,00;;;
\PROVISIONES\ABARROTES;AJINOMOTO;KGS;$ 3.990;4,59;$ 870;1,55;7,11;;;
\PROVISIONES\ABARROTES;ALIÑO COMPLETO 1 KILO - ALL SPICE POWDER 1 KG;KGS;$ 12.500;14,37;$ 870;1,55;22,27;;;
\PROVISIONES\ABARROTES;ALIÑO COMPLETO 500 GR - ALL SPICE POWDER 500 GRS;UNIT;$ 6.250;7,18;$ 870;1,55;11,14;;;
\PROVISIONES\ABARROTES;ALLSPICE POWDER 100GR - ALIÑO COMPLETO 100GR;PKT;$ 1.250;1,44;$ 870;1,55;2,23;;;
\PROVISIONES\ABARROTES;ALMOND 100 GR - ALMENDRAS 100 GRS;PKT;$ 1.176;1,35;$ 870;1,55;2,10;;;
\PROVISIONES\ABARROTES;ALMOND FLAKES - ALMENDRAS LAMINADAS;KGS;$ 12.571;14,45;$ 870;1,55;22,40;;;
\PROVISIONES\ABARROTES;ALMOND FLOUR - HARINA DE ALMENDRAS;KGS;$ 10.924;12,56;$ 870;1,55;19,46;;;
\PROVISIONES\ABARROTES;ALMOND NON SALTED 100 GRS - ALMENDRAS NATURALES ;PKT;$ 1.295;1,49;$ 870;1,55;2,31;;;
\PROVISIONES\ABARROTES;ALMOND PEELED - ALMENDRAS PELADAS;KGS;$ 13.360;15,36;$ 870;1,55;23,80;;;
\PROVISIONES\ABARROTES;ALPINE MILK RITTER - CHOCOLATE RITTER ;BAR;$ 3.017;3,47;$ 870;1,55;5,38;;;
\PROVISIONES\ABARROTES;AMAPOLA SEEDS - SEMILLAS DE AMAPOLA;KILO;$ 9.244;10,63;$ 870;1,55;16,47;;;
\PROVISIONES\ABARROTES;APPLE CIDER 471 ML - VINAGRE DE MANZANA CIDER ;BTL;$ 5.873;6,75;$ 870;1,55;10,46;;;
\PROVISIONES\ABARROTES;APPLE CIDER 946 ML - VINAGRE DE MANZANA CIDER ;BTL;$ 10.084;11,59;$ 870;1,55;17,97;;;
\PROVISIONES\ABARROTES;APPLE PUREE - PURE DE MANZANA  560 ML;TIN ;$ 1.723;1,98;$ 870;1,55;3,07;;;
\PROVISIONES\ABARROTES;APRICOT DRIED  - DAMASCO SECO ;KILO;$ 11.765;13,52;$ 870;1,55;20,96;;;
\PROVISIONES\ABARROTES;APRICOT DRIED 200 G - DAMASCO SECOS;PKT;$ 2.353;2,70;$ 870;1,55;4,19;;;
\PROVISIONES\ABARROTES;APRICOT JAM - MERMELADA DE  DAMASCO 370 GRS;BTL;$ 3.450;3,97;$ 870;1,55;6,15;;;
\PROVISIONES\ABARROTES;ASSORTED JELLIES - GELATINAS SURTIDAS 100 GRS;GRS; $760 ;0,87;$ 870;1,55;1,35;;;
\PROVISIONES\ABARROTES;ASSORTED JAM - MERMELADAS SURTIDAS;PKT; $3.200 ;3,68;$ 870;1,55;5,70;;;
\PROVISIONES\ABARROTES;ASSORTED READY CAKE - TORTA LISTA SURT 500GRS;; $2.625 ;3,02;$ 870;1,55;4,68;;;
\PROVISIONES\ABARROTES;ARABICA COFFEE BEANS - CAFE MOLIDO ARABICO;KGS;$ 0;0,00;$ 870;1,55;0,00;;;
\PROVISIONES\ABARROTES;ASPARAGUS SOUP CREAM - CREMA DE ESPARRAGOS;KGS;$ 3.400;3,91;$ 870;1,55;6,06;;;
\PROVISIONES\ABARROTES;ASPARRAGUS 420GR - ESPARRAGOS 420GR;TIN;$ 2.513;2,89;$ 870;1,55;4,48;;;
\PROVISIONES\ABARROTES;ASSORTED JUICE POWDER  - JUGOS SURTIDOS ;KGS;$ 10.504;12,07;$ 870;1,55;18,71;;;
\PROVISIONES\ABARROTES;ASSORTED MUFFINS - MUFFINS SURTIDOS ;PCS;$ 1.200;1,38;$ 870;1,55;2,14;;;
\PROVISIONES\ABARROTES;ASST BISCUIT 400GR - GALLETAS SURTIDAS;PKT;$ 1.450;1,67;$ 870;1,55;2,58;;;
\PROVISIONES\ABARROTES;ASST BISCUIT 800GR - GALLETAS SURTIDAS;PKT;$ 2.900;3,33;$ 870;1,55;5,17;;;
\PROVISIONES\ABARROTES;ASST BISCUIT KG - GALLETAS SURTIDAS;KGS;$ 7.250;8,33;$ 870;1,55;12,92;;;
\PROVISIONES\ABARROTES;ASSTD GELATINE - GELATINAS SURTIDAS ;KGS;$ 7.470;8,59;$ 870;1,55;13,31;;;
\PROVISIONES\ABARROTES;ATTA WHOLE WHEAT FLOUR - HARINA HINDU ATTA ;KGS;$ 0;0,00;$ 870;1,55;0,00;;;
\PROVISIONES\ABARROTES;BABY CORN 300 GRS  - CHOCLO TIERNO 300 GRS;TIN;$ 2.100;2,41;$ 870;1,55;3,74;;;
\PROVISIONES\ABARROTES;BAKED BEANS - POROTOS COCIDOS (TINNED) 400 GRS;BOX;$ 1.390;1,60;$ 870;1,55;2,48;;;
\PROVISIONES\ABARROTES;BAKED BEANS W/PORK  - POROTO COCIDO C/CERDO 560 GRS;TIN;$ 0;0,00;$ 870;1,55;0,00;;;
\PROVISIONES\ABARROTES;BAKING CHOCOLAT 200 G - CHOCOLATE COBERTURA;UNIT;$ 3.353;3,85;$ 870;1,55;5,97;;;
\PROVISIONES\ABARROTES;BAKING CHOCOLATE KILO - CHOCOLATE COBERTURA ;KGS;$ 6.219;7,15;$ 870;1,55;11,08;;;
\PROVISIONES\ABARROTES;BAKING POWDER - POLVO DE HORNEAR;KGS;$ 4.300;4,94;$ 870;1,55;7,66;;;
\PROVISIONES\ABARROTES;BAKING POWDER X 200 GR - POLVO DE HORNEAR;PKT;$ 2.227;2,56;$ 870;1,55;3,97;;;
\PROVISIONES\ABARROTES;BAKING SODA - BICARBONATO 250 GRS ;TIN;$ 2.689;3,09;$ 870;1,55;4,79;;;
\PROVISIONES\ABARROTES;BAKING SODA - BICARBONATO KILO;KGS;$ 2.689;3,09;$ 870;1,55;4,79;;;
\PROVISIONES\ABARROTES;BAKLAVA LEAVES - MASA FILO ;KGS;$ 11.800;13,56;$ 870;1,55;21,02;;;
\PROVISIONES\ABARROTES;BALSAMIC VINEGAR - VINAGRE BALSAMICO 500 ML;BTL;$ 2.479;2,85;$ 870;1,55;4,42;;;
\PROVISIONES\ABARROTES;BAMBOO SHOOTS 500 GRS - TALLOS DE BAMBU ;TIN;$ 0;0,00;$ 870;1,55;0,00;;;
\PROVISIONES\ABARROTES;BASE PIZZA 7 ´ ;PCS;$ 1.114;1,28;$ 870;1,55;1,98;;;
\PROVISIONES\ABARROTES;BASIL DRY - ALBAHACA 200 GR;PKT;$ 2.364;2,72;$ 870;1,55;4,21;;;
\PROVISIONES\ABARROTES;BASIL LEAVES DRY -  ALBAHACA SECA ;KGS;$ 11.820;13,59;$ 870;1,55;21,06;;;
\PROVISIONES\ABARROTES;BASTAMI RICE - ARROZ BASTAMI;KGS;$ 3.781;4,35;$ 870;1,55;6,74;;;
\PROVISIONES\ABARROTES;BEAN THREAD SOTANGHON NOODLES - FIDEOS DE POROTO 200 GRS;PKT;$ 1.260;1,45;$ 870;1,55;2,24;;;
\PROVISIONES\ABARROTES;BEAND CURD - TOFU 340 GRS;PKT;$ 3.890;4,47;$ 870;1,55;6,93;;;
\PROVISIONES\ABARROTES;BEAND CURD FRESH - TOFU ;KGS;$ 0;0,00;$ 870;1,55;0,00;;;
\PROVISIONES\ABARROTES;BEANS BLACK TIN - POROTO NEGRO 340GRS;BOX;$ 1.253;1,44;$ 870;1,55;2,23;;;
\PROVISIONES\ABARROTES;BEANS BROWN - POROTOS CAFE;KGS;$ 3.200;3,68;$ 870;1,55;5,70;;;
\PROVISIONES\ABARROTES;BEANS WHITE - POROTOS BLANCO;KGS;$ 2.942;3,38;$ 870;1,55;5,24;;;
\PROVISIONES\ABARROTES;BEEF BOUILLON  - CONCENTRADO CARNE;KGS;$ 3.800;4,37;$ 870;1,55;6,77;;;
\PROVISIONES\ABARROTES;BEEF CUBES MAGGIE 12 X 10 GRS;PKT;$ 1.252;1,44;$ 870;1,55;2,23;;;
\PROVISIONES\ABARROTES;BEEF JERKY - CHARQUI 80 GRS;PKT;$ 0;0,00;$ 870;1,55;0,00;;;
\PROVISIONES\ABARROTES;BEETROOT SLICED - BETARRAGA LAMINADA ;TIN;;0,00;$ 870;1,55;0,00;;;
\PROVISIONES\ABARROTES;BESAN FLOUR - HARINA DE GARBANZO;KGS;$ 2.689;3,09;$ 870;1,55;4,79;;;
\PROVISIONES\ABARROTES;BIG TIME 11 G X 5 U - CHICLE BIG TIME;PKT;$ 1.293;1,49;$ 870;1,55;2,30;;;
\PROVISIONES\ABARROTES;BISCUIT GRILL 140 GR;PKT;$ 1.420;1,63;$ 870;1,55;2,53;;;
\PROVISIONES\ABARROTES;BISCUIT ASSORTED OREO 108 GRS - GALLETAS OREO 108 GR;PKT;$ 798;0,92;$ 870;1,55;1,42;;;
\PROVISIONES\ABARROTES;BISCUIT ASTD  120 GR - GALLETAS SURTIDAS 120 GR;PKT;$ 798;0,92;$ 870;1,55;1,42;;;
\PROVISIONES\ABARROTES;BISCUIT CHEESE - GALLETAS QUESO CLUB SOCIAL  200 GR;PKT;$ 0;0,00;$ 870;1,55;0,00;;;
\PROVISIONES\ABARROTES;BISCUIT DANISH - GALLETAS DANESAS 454 GRS;TIN;$ 5.090;5,85;$ 870;1,55;9,07;;;
\PROVISIONES\ABARROTES;BISCUIT PLAIN - GALLETAS PLANAS ;KGS;$ 6.650;7,64;$ 870;1,55;11,85;;;
\PROVISIONES\ABARROTES;BISCUIT SALTED LOCAL BRAND 140 GR - GALLETAS SALADAS ;PKT;$ 1.513;1,74;$ 870;1,55;2,70;;;
\PROVISIONES\ABARROTES;BISCUIT TEA TIME 400 GR - GALLETAS PARA TÈ 400 GRS;PKT;$ 4.194;4,82;$ 870;1,55;7,47;;;
\PROVISIONES\ABARROTES;BISCUIT WHOLE MEAL  - GALLETA AVENA ;PKT;$ 1.260;1,45;$ 870;1,55;2,24;;;
\PROVISIONES\ABARROTES;BITTER CHOCOLAT 100 GRS - CHOCOLATE AMARGO ;UNID;$ 1.810;2,08;$ 870;1,55;3,22;;;
\PROVISIONES\ABARROTES;BLACK EYE BEANS - POROTO NEGRO;KGS;$ 2.605;2,99;$ 870;1,55;4,64;;;
\PROVISIONES\ABARROTES;BLACK FOREST CAKE FRESH - TORTA SELVA NEGRA 15 PERSON;PCS;$ 23.529;27,04;$ 870;1,55;41,92;;;
\PROVISIONES\ABARROTES;BLACK PEPPER POWDER 100GR - PIMIENTA NEGRA 100 GR;PKT;$ 1.770;2,03;$ 870;1,55;3,15;;;
\PROVISIONES\ABARROTES;BLACK PEPPER POWDER KILO - PIMIENTA NEGRA KILO;KGS;$ 17.700;20,34;$ 870;1,55;31,53;;;
\PROVISIONES\ABARROTES;BLACKBERRY JAM - MERMELADA DE MORA 370 GRS;PKT; $3.200 ;3,68;$ 870;1,55;5,70;;;
\PROVISIONES\ABARROTES;BOMBONES ESPECIALIDADES 250 GR ;BAG;$ 4.445;5,11;$ 870;1,55;7,92;;;
\PROVISIONES\ABARROTES;BON O BON CLASSIC 450 GRS BOX - BON O BON ;BOX;$ 6.294;7,23;$ 870;1,55;11,21;;;
\PROVISIONES\ABARROTES;BOUILLON MAGGI SURT 12U - CALDOS SURTIDOS;BOX;$ 1.252;1,44;$ 870;1,55;2,23;;;
\PROVISIONES\ABARROTES;BOUILLON CHICKEN - CALDOS MAGGI GALLINA 12U;GRS; $1.252 ;1,44;$ 870;1,55;2,23;;;
\PROVISIONES\ABARROTES;BOUILLON MEAT/BEEF - CALDOS MAGGI CARNE 12U;GRS; $1.252 ;1,44;$ 870;1,55;2,23;;;
\PROVISIONES\ABARROTES;BOUILLON SAUSAGE - CALDOS MAGGI LONGANIZA 8U;GRS; $1.083 ;1,24;$ 870;1,55;1,93;;;
\PROVISIONES\ABARROTES;BREAD CHRISTMAS - PAN DE PASCUA 700 GR;UNIT;$ 0;0,00;$ 870;1,55;0,00;;;
\PROVISIONES\ABARROTES;BREAD CRUMBS - PAN RALLADO;KGS;$ 5.546;6,37;$ 870;1,55;9,88;;;
\PROVISIONES\ABARROTES;BREAD CRUMBS 250 GR - PAN RALLADO 250 GR;PKT;$ 1.387;1,59;$ 870;1,55;2,47;;;
\PROVISIONES\ABARROTES;BREAD MUESLI BROT - MUESLI 300 GRS;PKT;$ 0;0,00;$ 870;1,55;0,00;;;
\PROVISIONES\ABARROTES;BREAD PUMPERNICKEL 500 GR - PAN PUMPERNICKEL ;PKT;$ 2.178;2,50;$ 870;1,55;3,88;;;
\PROVISIONES\ABARROTES;BREAD RYE SLICED WHOLE MEAL ORGANIC  500 GRS - PAN INTEGRAL RYE;PKT;$ 2.689;3,09;$ 870;1,55;4,79;;;
\PROVISIONES\ABARROTES;BREAD SLICED MULTI GRAIN - MOLDE MULTIGRANO 620 GRS;PKT;$ 2.512;2,89;$ 870;1,55;4,48;;;
\PROVISIONES\ABARROTES;BREAD TOAST - MOLDE 560 GRS;PKT;$ 2.290;2,63;$ 870;1,55;4,08;;;
\PROVISIONES\ABARROTES;BREAD TORTILLA PACK X 8 UNID - TORTILLAS ;PKT;$ 2.176;2,50;$ 870;1,55;3,88;;;
\PROVISIONES\ABARROTES;BROWN RICE - ARROZ INTEGRAL;KGS;$ 2.260;2,60;$ 870;1,55;4,03;;;
\PROVISIONES\ABARROTES;BROWN SUGAR - AZUCAR RUBIA;KGS;$ 2.344;2,69;$ 870;1,55;4,18;;;
\PROVISIONES\ABARROTES;BULGUR - BULGOR;KGS;$ 5.174;5,95;$ 870;1,55;9,22;;;
\PROVISIONES\ABARROTES;BUN HOT DOG BREAD 8 PC - PAN HOT DOG 8 U;PKT;$ 2.227;2,56;$ 870;1,55;3,97;;;
\PROVISIONES\ABARROTES;BURGER BUN X 8 - PAN DE HAMBURGUESA X 8;PKT;$ 2.227;2,56;$ 870;1,55;3,97;;;
\PROVISIONES\ABARROTES;BUTTER COOKIE - GALLETA MANTEQUILLA 140 GRS;GRS; $725 ;0,83;$ 870;1,55;1,29;;;
\PROVISIONES\ABARROTES;BUTTER COOKING UNSALTED- MANTEQUILLA COCINAR;KGS;$ 7.390;8,49;$ 870;1,55;13,17;;;
\PROVISIONES\ABARROTES;BUTTER SALTED 250GRS;UNIT;;;;;;;;
\PROVISIONES\ABARROTES;BUTTER UNSALTED 250 GR - MANT SIN SAL;UNIT;$ 1.775;2,04;$ 870;1,55;3,16;;;
\PROVISIONES\ABARROTES;CACAO MILO  POWDER 700 GRS - MILO;TIN ;$ 7.219;8,30;$ 870;1,55;12,86;;;
\PROVISIONES\ABARROTES;CACAO MILO CHOCOLAT DRINK - MILO;KGS;$ 8.865;10,19;$ 870;1,55;15,79;;;
\PROVISIONES\ABARROTES;CACAO MILO CHOCOLATE DRINK 300 GR - MILO;BAG ;$ 2.933;3,37;$ 870;1,55;5,23;;;
\PROVISIONES\ABARROTES;CAKE  ASSTD  - QUEQUES SURTIDOS 400 GRS;UNIT;$ 3.017;3,47;$ 870;1,55;5,38;;;
\PROVISIONES\ABARROTES;CAKE CHRISTMAS - TORTA NAVIDAD;PCS;$ 22.800;26,21;$ 870;1,55;40,62;;;
\PROVISIONES\ABARROTES;CAKE VANILLA ;PCS;$ 2.625;;;;;;;
\PROVISIONES\ABARROTES;CAKE DECORATION COLOURED - DECORACION TORTA ;KGS;$ 8.890;10,22;$ 870;1,55;15,84;;;
\PROVISIONES\ABARROTES;CAKE MIX ASSTD 450 GR- TORTAS LISTA SURTIDAS;UNIT;$ 2.504;2,88;$ 870;1,55;4,46;;;
\PROVISIONES\ABARROTES;CAKE CHOCOLATE - TORTA DE CHOCOLATE 500 GR;PCS;$ 2.625;3,02;$ 870;1,55;4,68;;;
\PROVISIONES\ABARROTES;CAKE CHOCOLATE - TORTA DE CHOCOLATE 15 PERSONAS;PCS;$ 23.529;27,04;$ 870;1,55;41,92;;;
\PROVISIONES\ABARROTES;CAKE CARROT - TORTA DE ZANAHORIA 15 PERSONAS;PCS;$ 23.529;27,04;$ 870;1,55;41,92;;;
\PROVISIONES\ABARROTES;CANOLA OIL - ACEITE CANOLA;LTS;$ 3.352;3,85;$ 870;1,55;5,97;;;
\PROVISIONES\ABARROTES;CAPERS - ALCAPARRAS 110 GRS;TIN;$ 1.849;2,13;$ 870;1,55;3,29;;;
\PROVISIONES\ABARROTES;CAPERS - ALCAPARRAS 240 GRS;TIN;$ 2.513;2,89;$ 870;1,55;4,48;;;
\PROVISIONES\ABARROTES;CARAMEL CAVENDISH 175 GRS - CARAMELOS ;TIN;$ 2.428;2,79;$ 870;1,55;4,33;;;
\PROVISIONES\ABARROTES;CARDAMON WHOLE - CARDAMOMO ENTERO;KGS;$ 84.033;96,59;$ 870;1,55;149,71;;;
\PROVISIONES\ABARROTES;CASHEW NUT 100 GR - CASTAÑAS DE CAJU 100 GRS;PKT;$ 1.770;2,03;$ 870;1,55;3,15;;;
\PROVISIONES\ABARROTES;CASHEW NUTS - CASTAÑA DE CAJU;KGS;$ 17.700;20,34;$ 870;1,55;31,53;;;
\PROVISIONES\ABARROTES;CEREAL BARS LOCAL X 8 - BARRAS DE CEREAL X 8 UNI;PKT;$ 1.681;1,93;$ 870;1,55;2,99;;;
\PROVISIONES\ABARROTES;CEREAL CHOCOLAT POPS - CEREAL CHOCOLATE 300 GRS MILO;PKT;$ 3.026;3,48;$ 870;1,55;5,39;;;
\PROVISIONES\ABARROTES;CEREAL FRUIT & NUITS - CEREAL FIBRA Y FRUTA 350 GRS;PKT;$ 0;0,00;$ 870;1,55;0,00;;;
\PROVISIONES\ABARROTES;CEREAL OATMEAL - AVENA ;KGS;$ 3.278;3,77;$ 870;1,55;5,84;;;
\PROVISIONES\ABARROTES;CEREAL OATMEAL 400 GRS - AVENA ;PKT;$ 1.720;1,98;$ 870;1,55;3,06;;;
\PROVISIONES\ABARROTES;CHEESECAKE FRAMBUESA MARACUYA;UNI;$ 0;0,00;$ 870;1,55;0,00;;;
\PROVISIONES\ABARROTES;CHEESECAKE RASPBERRY;PCS;$ 0;0,00;$ 870;1,55;0,00;;;
\PROVISIONES\ABARROTES;CHEETOS 84 GR;PKT;$ 832;0,96;$ 870;1,55;1,48;;;
\PROVISIONES\ABARROTES;CHEETOS 280 GR ;PKT;$ 1.840;2,11;$ 870;1,55;3,28;;;
\PROVISIONES\ABARROTES;CHERRIES IN SYRUP - CEREZAS ALMIBAR 560 GRS;TIN;$ 2.513;2,89;$ 870;1,55;4,48;;;
\PROVISIONES\ABARROTES;CHERRIES MARRASCHINO 250 GRS;TIN;$ 2.522;2,90;$ 870;1,55;4,49;;;
\PROVISIONES\ABARROTES;CHEWABLES - MASTICABLES MENNTOS;PKT; $530 ;0,61;$ 870;1,55;0,94;;;
\PROVISIONES\ABARROTES;CHIA SEED - CHIA;KGS;$ 5.500;6,32;$ 870;1,55;9,80;;;
\PROVISIONES\ABARROTES;CHICK PEAS - GARBANZO;KGS;$ 2.941;3,38;$ 870;1,55;5,24;;;
\PROVISIONES\ABARROTES;CHICKEN BOUILLON - CONCENTRADO DE POLLO;KGS;$ 3.800;4,37;$ 870;1,55;6,77;;;
\PROVISIONES\ABARROTES;CHICKEN CUBES MAGGIE 1X12 ;PKT;$ 1.252;1,44;$ 870;1,55;2,23;;;
\PROVISIONES\ABARROTES;CHILI FLAKES - MERKEN 500GR;PKT;$ 9.250;10,63;$ 870;1,55;16,48;;;
\PROVISIONES\ABARROTES;CHILI POWDER - MERKEN;KGS;$ 7.600;8,74;$ 870;1,55;13,54;;;
\PROVISIONES\ABARROTES;CHILI GARLIC SAUCE - SALSA AJI Y AJO;BTL;$ 3.990;4,59;$ 870;1,55;7,11;;;
\PROVISIONES\ABARROTES;CHILI PICKLE 500ML;BTL;$ 0;0,00;$ 870;1,55;0,00;;;
\PROVISIONES\ABARROTES;CHILI SAUCE - SALSA AJI 100 ML;BTL;$ 2.436;2,80;$ 870;1,55;4,34;;;
\PROVISIONES\ABARROTES;CHILI SAUCE PASTE  - SALSA DE AJI PASTA 240 ML;BTL;$ 1.450;1,67;$ 870;1,55;2,58;;;
\PROVISIONES\ABARROTES;CHILI SAUCE SWEET - SALSA AJI DULCE;BTL;$ 2.184;2,51;$ 870;1,55;3,89;;;
\PROVISIONES\ABARROTES;CHILI SAUCE CREAMY 240 GRS;PKT;$ 1.160;1,33;$ 870;1,55;2,07;;;
\PROVISIONES\ABARROTES;CHILLI AJI CREAM - AJI CREMA 240 GRS;GRS; $1.160 ;1,33;$ 870;1,55;2,07;;;
\PROVISIONES\ABARROTES;CHIMICHURRI SEASONING - LOCAL 250 GRS;BTL;$ 0;0,00;$ 870;1,55;0,00;;;
\PROVISIONES\ABARROTES;CHINESSE NOODLES 250 GR - FIDEOS CHINOS ;PKT;$ 2.380;2,74;$ 870;1,55;4,24;;;
\PROVISIONES\ABARROTES;CHIPS AHOY COOKIES 110 GRS;PKT;$ 798;0,92;$ 870;1,55;1,42;;;
\PROVISIONES\ABARROTES;CHIPS OBLEA COOKIES SURT 160 GRS;PKT;$ 1.260;1,45;$ 870;1,55;2,24;;;
\PROVISIONES\ABARROTES;CHIPS MARAVILLA- GALLETAS MARAVILLA 120 GRS;PKT;$ 740;0,85;$ 870;1,55;1,32;;;
\PROVISIONES\ABARROTES;CHOC 68% CACAO 100 GRS - CHOCOLATE AMARGO;BARRA;$ 0;0,00;$ 870;1,55;0,00;;;
\PROVISIONES\ABARROTES;CHOCOLATE CAKE -TORTA LISTA CHOCOALTE 500GRS;; $2.625 ;3,02;$ 870;1,55;4,68;;;
\PROVISIONES;CHOCOLAT - SUPER 8 CHOCOLATE;PCS;$ 0;0,00;$ 870;1,55;0,00;;;
\PROVISIONES\ABARROTES;CHOCOLATE ASSORTED NESTLE 251GRS/PKT;GRS;$ 4.450;;;;;;;
\PROVISIONES\ABARROTES;CHOCOLATE MILKA 100 GRS;BARRA;$ 1.504;1,73;$ 870;1,55;2,68;;;
\PROVISIONES\ABARROTES;CHOCOLATE SAHNE NUSS 160 GR;PCE;$ 3.521;4,05;$ 870;1,55;6,27;;;
\PROVISIONES\ABARROTES;CHOCOLATE  SCHOGETTEN 100 GR;BARRA;$ 0;0,00;$ 870;1,55;0,00;;;
\PROVISIONES\ABARROTES;CHOCOLATE SPRINKLES - CHOCOLATE DECORACION 100 GR;PKT;$ 1.280;1,47;$ 870;1,55;2,28;;;
\PROVISIONES\ABARROTES;CHOCOLATE TOBLERONE 100 GRS;UNID;$ 3.017;3,47;$ 870;1,55;5,38;;;
\PROVISIONES\ABARROTES;CHOCOLATE WAFER - OBLEAS DE CHOCOLATE ;UNID;$ 1.386;1,59;$ 870;1,55;2,47;;;
\PROVISIONES\ABARROTES;CHOCOLATE CHIPS 110 GRS;PKT;$ 798;0,92;$ 870;1,55;1,42;;;
\PROVISIONES\ABARROTES;CHOCO CHIPS COOKIE - GALLETAS CHOCO CHIPS 125 GRS;GRS; $750 ;0,86;$ 870;1,55;1,34;;;
\PROVISIONES\ABARROTES;CHOCOLATE CHIPS CAKE TOPPING;KGS;$ 8.890;10,22;$ 870;1,55;15,84;;;
\PROVISIONES\ABARROTES;CHOCOLATE COOKING DARK - CHOCOLATE COCINA;KILO;$ 6.219;7,15;$ 870;1,55;11,08;;;
\PROVISIONES\ABARROTES;CHOCOLATE CAREVELLA DARK;PKT;$ 5.798;6,66;$ 870;1,55;10,33;;;
\PROVISIONES\ABARROTES;CHOCOLATE GOLDEN NUSS 140GR;UNID;$ 1.681;;;;;;;
\PROVISIONES\ABARROTES;CHOCOLATE HERSHEY'S MILK 82 G;PCS;$ 1.394;1,60;$ 870;1,55;2,48;;;
\PROVISIONES\ABARROTES;CHOCOLATE KIT KAT 48 GRS;UNID;$ 1.135;1,30;$ 870;1,55;2,02;;;
\PROVISIONES\ABARROTES;CHOCOLATE CAPRI STUFFED FRUIT;UNID;;;;;;;;
\PROVISIONES\ABARROTES;CHOCOLATE M&M 48 GRS YELLOW & BROWN;UNID;$ 1.084;1,25;$ 870;1,55;1,93;;;
\PROVISIONES\ABARROTES;CHOCOLATE M&M BROWN 141 GR YELLOW & BROWN;UNID;$ 2.816;3,24;$ 870;1,55;5,02;;;
\PROVISIONES\ABARROTES;CHOCOLATE PRESTIGIO 25 GRS;UNID;$ 631;0,73;$ 870;1,55;1,12;;;
\PROVISIONES\ABARROTES;CHOCOLATE ROLLS 150 GR;PCS;$ 1.681;1,93;$ 870;1,55;2,99;;;
\PROVISIONES\ABARROTES;CHOCOLATE SNICKERS 48 GR;UNID;$ 1.084;1,25;$ 870;1,55;1,93;;;
\PROVISIONES\ABARROTES;CHOCOLATE SNICKERS 53 GR;UNID;$ 1.130;1,30;$ 870;1,55;2,01;;;
\PROVISIONES\ABARROTES;CHOCOLATE SPROUSE;;;;;;;;;
\PROVISIONES\ABARROTES;CHOCOLATE TRENCITO 150 GRS;UNID;$ 2.513;2,89;$ 870;1,55;4,48;;;
\PROVISIONES\ABARROTES;CHOCOLATE TRENCITO 250 GRS;UNID;$ 2.848;;;;;;;
\PROVISIONES\ABARROTES;CHOCOLATE TWIX 48 GRS;UNID;$ 1.084;1,25;$ 870;1,55;1,93;;;
\PROVISIONES\ABARROTES;CHOCOLATE TWIX 57 GRS;UNID;$ 1.120;1,29;$ 870;1,55;2,00;;;
\PROVISIONES\ABARROTES;CHOCOLATE KIT KAT 41,5 GRS;GRS; $1.130 ;1,30;$ 870;1,55;2,01;;;
\PROVISIONES\ABARROTES;CHOCOLATE MILKA ALPINE 100 GRS;GRS; $1.650 ;1,90;$ 870;1,55;2,94;;;
\PROVISIONES\ABARROTES;CHOCOLATE COOKIE -GALLETA CHOCOLATE 140 GRS;GRS; $725 ;0,83;$ 870;1,55;1,29;;;
\PROVISIONES\ABARROTES;CHARCOAL - CARBÓN VEGETAL 2.5 KG;PKT;$ 2.450;2,82;$ 870;1,55;4,36;;;
\PROVISIONES\ABARROTES;CINAMON STICK - CANELA ENTERA KG;KGS;$ 21.008;24,15;$ 870;1,55;37,43;;;
\PROVISIONES\ABARROTES;CINNAMON 500 GR - CANELA 500 GR;PKT;$ 10.504;12,07;$ 870;1,55;18,71;;;
\PROVISIONES\ABARROTES;CINNAMON ROLLS 85 GR - ROLLITOS DE CANELA (FRESH);PCS;$ 413;0,47;$ 870;1,55;0,74;;;
\PROVISIONES\ABARROTES;CLOVE WHOLE - CLAVO DE OLOR;KILO;$ 24.370;28,01;$ 870;1,55;43,42;;;
\PROVISIONES\ABARROTES;CLOVES 500 GR - CLAVOS DE OLOR;PKT;$ 12.185;14,01;$ 870;1,55;21,71;;;
\PROVISIONES\ABARROTES;COCKTAIL DE FRUTAS X 800;TIN;$ 1.930;2,22;$ 870;1,55;3,44;;;
\PROVISIONES\ABARROTES;COCKTAIL DE FRUTILLAS 565 GRS;TIN;$ 1.850;2,13;$ 870;1,55;3,30;;;
\PROVISIONES\ABARROTES;COCO BISCUIT - GALLETAS DE COCO 110 GRS;PKT;$ 798;0,92;$ 870;1,55;1,42;;;
\PROVISIONES\ABARROTES;COCOA SWEET;KGS;$ 7.300;8,39;$ 870;1,55;13,01;;;
\PROVISIONES\ABARROTES;COCONUT CREAM- CREMA DE COCO 400 GRS;UNID;$ 2.436;2,80;$ 870;1,55;4,34;;;
\PROVISIONES\ABARROTES;COCONUT MILK - LECHE DE COCO 400 GRS;UNID;$ 1.800;2,07;$ 870;1,55;3,21;;;
\PROVISIONES\ABARROTES;COCONUT OIL 500 GR - ACEITE COCO;UNID;$ 9.235;10,61;$ 870;1,55;16,45;;;
\PROVISIONES\ABARROTES;COCONUT POWDER - COCO RALLADO;KGS;$ 6.218;7,15;$ 870;1,55;11,08;;;
\PROVISIONES\ABARROTES;COCONUT POWDER 500 GR - COCO RALLADO;PKT;$ 3.109;3,57;$ 870;1,55;5,54;;;
\PROVISIONES\ABARROTES;COFEE CAPUCCINO X 108PCS;CAJA;$ 3.823;4,39;$ 870;1,55;6,81;;;
\PROVISIONES\ABARROTES;COFFE JACOB BEANS WHOLE - CAFE GRANO ENTERO 500 GRS;KILO;$ 16.000;18,39;$ 870;1,55;28,51;;;
\PROVISIONES\ABARROTES;COFFEE GROUND - CAFE GROUND 500 GR;BAG;$ 6.995;8,04;$ 870;1,55;12,46;;;
\PROVISIONES\ABARROTES;COFFEE GROUND-CAFE GROUND;KGS;$ 13.990;16,08;$ 870;1,55;24,92;;;
\PROVISIONES\ABARROTES;COFFEE DESCAFFEINATED 170 GRS - CAFE DESCAFEINADO;TIN;$ 6.512;7,49;$ 870;1,55;11,60;;;
\PROVISIONES\ABARROTES;COFFEE GROUND KGS - CAFE MOLIDO;KGS;$ 0;0,00;$ 870;1,55;0,00;;;
\PROVISIONES\ABARROTES;COFFEE INST NESCAFE 170 G - CAFE INSTANTANEO NESCAFE 170 G;BTL;$ 5.180;5,95;$ 870;1,55;9,23;;;
\PROVISIONES\ABARROTES;COFFEE INSTANT GOLD 100 GR - FINA SELECCIÓN 200 GRS;BTL;$ 7.150;8,22;$ 870;1,55;12,74;;;
\PROVISIONES\ABARROTES;COFFEE MATE - CREMORA 425 GRS;BTL;$ 2.480;2,85;$ 870;1,55;4,42;;;
\PROVISIONES\ABARROTES;COFFEE VACUUM 500GR - CAFE AL VACIO 500 GR;PKT;$ 0;0,00;$ 870;1,55;0,00;;;
\PROVISIONES\ABARROTES;CONCENTRATE LEMON JUICE - JUGO  CONCENTRADO LIMON 500 ML;BTL;$ 992;1,14;$ 870;1,55;1,77;;;
\PROVISIONES\ABARROTES;CONDENSED MILK - LECHE CONDENSADA 400 GRS;TIN;$ 1.290;1,48;$ 870;1,55;2,30;;;
\PROVISIONES\ABARROTES;COOCKING OIL 900 ML - ACEITE VEGETAL ;BTLL;$ 1.350;1,55;$ 870;1,55;2,41;;;
\PROVISIONES\ABARROTES;COOKING OIL - ACEITE VEGETAL;LT;$ 0;0,00;$ 870;1,55;0,00;;;
\PROVISIONES\ABARROTES;COOKING WINE WHITE - VINO PARA COCINAR BLANCO;TETRA;$ 1.890;2,17;$ 870;1,55;3,37;;;
\PROVISIONES\ABARROTES;COOKIES ASSORTED - GALLETAS SURTIDAS 120-140 GRS;GRS; $725 ;0,83;$ 870;1,55;1,29;;;
\PROVISIONES\ABARROTES;CORIANDER POWDER - CILANTRO MOLIDO;KGS;$ 4.370;5,02;$ 870;1,55;7,79;;;
\PROVISIONES\ABARROTES;CORIANDER POWDER 500 GRS - CILANTRO MOLIDO ;PKT;$ 2.185;2,51;$ 870;1,55;3,89;;;
\PROVISIONES\ABARROTES;CORN KERNELS 425GRS;TIN;$ 1.505;;;;;;;
\PROVISIONES\ABARROTES;CORN FLOUR - HARINA DE MAIZ;KGS;$ 3.193;3,67;$ 870;1,55;5,69;;;
\PROVISIONES\ABARROTES;CORN OIL - ACEITE DE MAIZ;LITRO;$ 4.538;5,22;$ 870;1,55;8,08;;;
\PROVISIONES\ABARROTES;CORN STARCH - MAICENA;KGS;$ 2.580;2,97;$ 870;1,55;4,60;;;
\PROVISIONES\ABARROTES;CORN STARCH 250GR - MAICENA 250GR;PKT;$ 645;0,74;$ 870;1,55;1,15;;;
\PROVISIONES\ABARROTES;CORNFLAKES - CEREAL 480 GRS;PKT;$ 3.150;3,62;$ 870;1,55;5,61;;;
\PROVISIONES\ABARROTES;CORNFLAKES DE KELLOGGS 450 GRS;GRS; $3.750 ;4,31;$ 870;1,55;6,68;;;
\PROVISIONES\ABARROTES;COLGATE TOOTHPASTE  90 GRS;UNID;$ 1.200;1,38;$ 870;1,55;2,14;;;
\PROVISIONES\ABARROTES;TOOHTHPASTE - PASTA DENTAL COLGATE 3X90GRS;PKT; $3.600 ;4,14;$ 870;1,55;6,41;;;
\PROVISIONES\ABARROTES;CRACKELET 70 GR;PKT;$ 479;0,55;$ 870;1,55;0,85;;;
\PROVISIONES\ABARROTES;CRACKER CREAM - GALLETAS DE SODA 180GR;PKT;$ 840;0,97;$ 870;1,55;1,50;;;
\PROVISIONES\ABARROTES;CREAM OF CORN - CREMA DE CHOCLO;KGS;$ 3.800;4,37;$ 870;1,55;6,77;;;
\PROVISIONES\ABARROTES;CREAM SOUP MUSHROOMS - CREMA DE CHAMPIÑONES;KGS;$ 3.800;4,37;$ 870;1,55;6,77;;;
\PROVISIONES\ABARROTES;CROISSANT;UNID;$ 250;0,29;$ 870;1,55;0,45;;;
\PROVISIONES\ABARROTES;CUMIN POWDER - COMINO MOLIDO;KILO;$ 14.706;16,90;$ 870;1,55;26,20;;;
\PROVISIONES\ABARROTES;CUMIN POWDER - COMINO MOLIDO   500 gr;PKT;$ 7.353;8,45;$ 870;1,55;13,10;;;
\PROVISIONES\ABARROTES;CUMIN SEED - SEMILLA DE COMINO 500GR;PKT;$ 7.143;8,21;$ 870;1,55;12,73;;;
\PROVISIONES\ABARROTES;CUMIN SEED WHOLE-SEMILLA COMINO ENTERA;KGS;$ 14.286;16,42;$ 870;1,55;25,45;;;
\PROVISIONES\ABARROTES;CUP NOODLES ASSORTED- FIDEOS VASO SURTIDO 65 GRS;GRS; $874 ;1,00;$ 870;1,55;1,56;;;
\PROVISIONES\ABARROTES;CUP NOODLES BEEF - FIDEOS VASO CARNE ;CUP;$ 455;0,52;$ 870;1,55;0,81;;;
\PROVISIONES\ABARROTES;CUP NOODLES CHICKEN - FIDEOS VASO POLLO;CUP;$ 455;0,52;$ 870;1,55;0,81;;;
\PROVISIONES\ABARROTES;CUP NOODLES SHRIMPS - FIDEOS VASO CAMARON ;CUP;$ 748;0,86;$ 870;1,55;1,33;;;
\PROVISIONES\ABARROTES;CURCUMA POWDER - CURCUMA EN POLVO 500 GRS;PKT;$ 2.899;3,33;$ 870;1,55;5,16;;;
\PROVISIONES\ABARROTES;CURCUMA POWDER - CURCUMA EN POLVO KILO;KGS;$ 5.798;6,66;$ 870;1,55;10,33;;;
\PROVISIONES\ABARROTES;CURRY POWDER - CURRY EN POLVO;KGS;$ 4.118;4,73;$ 870;1,55;7,34;;;
\PROVISIONES\ABARROTES;CURRY SPICE 500 GR;PKT;$ 2.059;2,37;$ 870;1,55;3,67;;;
\PROVISIONES\ABARROTES;CLUB SOCIAL COOKIES - GALLETAS CLUB SOCIAL 216 GRS;GRS; $1.470 ;1,69;$ 870;1,55;2,62;;;
\PROVISIONES\ABARROTES;DARK SOYA SAUCE 500 ML;BTLL;$ 3.200;3,68;$ 870;1,55;5,70;;;
\PROVISIONES\ABARROTES;DATES SEEDLESS  - DATILES ;KILO;$ 5.042;5,80;$ 870;1,55;8,98;;;
\PROVISIONES\ABARROTES;DATES SEEDLESS  - DATILES 250GR;PKT;$ 1.261;1,45;$ 870;1,55;2,25;;;
\PROVISIONES\ABARROTES;DANISH COOKIES - GALLETAS DANESAS;GRS; $5.041 ;5,79;$ 870;1,55;8,98;;;
\PROVISIONES\ABARROTES;DEODORANT AXE - DESODORANTE AXE 152 GRS;UNID;$ 2.067;2,38;$ 870;1,55;3,68;;;
\PROVISIONES\ABARROTES;DIGESTIVE BISCUITS154 GRS;PCS;$ 0;0,00;$ 870;1,55;0,00;;;
\PROVISIONES\ABARROTES;DOLMADAKIA - HOJA DE PARRA;BTL;$ 0;0,00;$ 870;1,55;0,00;;;
\PROVISIONES\ABARROTES;DORITOS 200 GRS;BTL;$ 1.765;2,03;$ 870;1,55;3,14;;;
\PROVISIONES\ABARROTES;DRESSING ASST - SALSAS SURTIDAS 250  GRS;BTL;$ 0;0,00;$ 870;1,55;0,00;;;
\PROVISIONES\ABARROTES;DRESSING ASST - SALSAS SURTIDAS 500 GRS;BTL;$ 3.344;3,84;$ 870;1,55;5,96;;;
\PROVISIONES\ABARROTES;DRIED APRICOT - DAMASCOS SECOS;KGS;$ 11.765;13,52;$ 870;1,55;20,96;;;
\PROVISIONES\ABARROTES;DRIED CORN ( POP CORN ) MAIZ CURAGUA;KGS;$ 1.650;1,90;$ 870;1,55;2,94;;;
\PROVISIONES\ABARROTES;DRIED CRANBERRY ;KGS;$ 7.500;8,62;$ 870;1,55;13,36;;;
\PROVISIONES\ABARROTES;DRIED RAISIN - PASAS;KGS;$ 3.866;4,44;$ 870;1,55;6,89;;;
\PROVISIONES\ABARROTES;DRY ALAMANG FRYING 340 GRS - PASTA DE CAMARON;BTLL;$ 0;0,00;$ 870;1,55;0,00;;;
\PROVISIONES\ABARROTES;DRY HOISIN SAUCE - SALSA HOISIN 397 ML ;BTL;$ 0;0,00;$ 870;1,55;0,00;;;
\PROVISIONES\ABARROTES;DRY MUSHROOMS - CHAMPIÑONES SECOS;KGS;$ 22.000;25,29;$ 870;1,55;39,20;;;
\PROVISIONES\ABARROTES;DRY PEAS  GREEN SPLIT-ARVERJAS VERDES PARTIDAS;KGS;$ 2.521;2,90;$ 870;1,55;4,49;;;
\PROVISIONES\ABARROTES;DRY PRUNE - CIRUELAS SECAS;KILO;$ 6.723;7,73;$ 870;1,55;11,98;;;
\PROVISIONES\ABARROTES;DRY PRUNES 200 G - CIRUELAS SECAS;PKT;$ 3.361;3,86;$ 870;1,55;5,99;;;
\PROVISIONES\ABARROTES;DRY SUN DRIED TOMATO 285 GRS;BTLL;$ 0;0,00;$ 870;1,55;0,00;;;
\PROVISIONES\ABARROTES;DRY TACO SAUCE;BAG;$ 0;0,00;$ 870;1,55;0,00;;;
\PROVISIONES\ABARROTES;DRY YEAST - LEVADURA 500 GRS;PKT;$ 2.490;2,86;$ 870;1,55;4,44;;;
\PROVISIONES\ABARROTES;EARL GREY TEA 20'S - TE;PKT;$ 1.883;2,16;$ 870;1,55;3,35;;;
\PROVISIONES\ABARROTES;EGG 360 PCS - HUEVOS 360 PCS;CAJA;$ 0;0,00;$ 870;1,55;0,00;;;
\PROVISIONES\ABARROTES;EGGS DOZ - HUEVOS DOCENA;DOCENA;$ 0;0,00;$ 870;1,55;0,00;;;
;EGG UNID ;UNID;$ 187;0,21;$ 870;1,55;0,33;;;
\PROVISIONES\ABARROTES;ELBOW MACARONI - PASTA REGATONE 400 GRS;PKT;$ 1.008;1,16;$ 870;1,55;1,80;;;
\PROVISIONES\ABARROTES;ENGLISH SAUCE 165ML - SALSA INGLESA 165;BTL;$ 2.933;3,37;$ 870;1,55;5,23;;;
\PROVISIONES\ABARROTES;ESSENCE ALMOND - ESENCIA DE ALMENDRAS 60 ML;BTL;$ 1.051;1,21;$ 870;1,55;1,87;;;
\PROVISIONES\ABARROTES;ESSENCE RUM - ESENCIA DE RON 60ML;BTL;$ 1.051;1,21;$ 870;1,55;1,87;;;
\PROVISIONES\ABARROTES;EVAPORATED MILK - LECHE EVAPORADA 400 ML;TIN;$ 1.290;1,48;$ 870;1,55;2,30;;;
\PROVISIONES\ABARROTES;FETUCCINI LOCAL NOODLES - FETUCCINI AL HUEVO 400 GRS;PKT;$ 1.085;1,25;$ 870;1,55;1,93;;;
\PROVISIONES\ABARROTES;FIRM TOFU 307 GRS;UNID;$ 3.600;4,14;$ 870;1,55;6,41;;;
\PROVISIONES\ABARROTES;FIRM TOFFU - TOFFU FIRME 349GRS;GRS; $2.890 ;3,32;$ 870;1,55;5,15;;;
\PROVISIONES\ABARROTES;FIG - HIGOS;KGS;$ 5.966;6,86;$ 870;1,55;10,63;;;
\PROVISIONES\ABARROTES;FISH SAUCE - SALSA DE PESCADO 700 ML;BTL;$ 3.200;3,68;$ 870;1,55;5,70;;;
\PROVISIONES\ABARROTES;FITNESS CEREAL -CEREAL FITNESS 330GR;GRS; $2.723 ;3,13;$ 870;1,55;4,85;;;
\PROVISIONES\ABARROTES;FLOUR BROWN - HARINA INTEGRAL;KGS;$ 1.848;2,12;$ 870;1,55;3,29;;;
\PROVISIONES\ABARROTES;FLOUR SEMOLINA - SEMOLINA;KGS;$ 2.390;2,75;$ 870;1,55;4,26;;;
\PROVISIONES\ABARROTES;FLOUR WHITE - HARINA;KGS;$ 925;1,06;$ 870;1,55;1,65;;;
\PROVISIONES\ABARROTES;FLOUR ORO UNO ;PKT;$ 15.041;17,29;$ 870;1,55;26,80;;;
\PROVISIONES\ABARROTES;FLOUR WHOLE GRAIN INTEGRAL - HARINA INTEGRAL;PKT;$ 1.848;2,12;$ 870;1,55;3,29;;;
\PROVISIONES\ABARROTES;FLOUR WHOLE GRAIN INTEGRAL - HARINA INTEGRAL;PKT;$ 16.134;18,54;$ 870;1,55;28,74;;;
\PROVISIONES\ABARROTES;FOOD COLORING - SET COLORES;SET;$ 2.504;2,88;$ 870;1,55;4,46;;;
\PROVISIONES\ABARROTES;FRAC COOKIE - GALLETA FRAC 130 GRS;GRS; $590 ;0,68;$ 870;1,55;1,05;;;
\PROVISIONES\ABARROTES;FRENCH BAGUETTE FZ 120 GRS - BAGUETTE CONGELADO ;PCS;$ 360;0,41;$ 870;1,55;0,64;;;
\PROVISIONES\ABARROTES;FRENCH BAGUETTE 270 GRS;PCS;;;;;;;;
\PROVISIONES\ABARROTES;FRESH NOODLES;KGS;$ 7.478;8,60;$ 870;1,55;13,32;;;
\PROVISIONES\ABARROTES;FRUIT COCKTAIL - COCKTAIL DE FRUTAS 822 GRS;GRS; $2.050 ;2,36;$ 870;1,55;3,65;;;
\PROVISIONES\ABARROTES;FRUIT COCKTAIL - COCKTAIL DE FRUTAS 567 GRS;GRS; $1.810 ;2,08;$ 870;1,55;3,22;;;
\PROVISIONES\ABARROTES;FRUIT TEA - TE DE FRUTAS 20`S;PKT;$ 1.764;2,03;$ 870;1,55;3,14;;;
\PROVISIONES\ABARROTES;FRYING POWDER - PANKO;KGS;$ 7.500;8,62;$ 870;1,55;13,36;;;
\PROVISIONES\ABARROTES;FUSILLI 400 GR - PASTA;PKT;$ 1.008;1,16;$ 870;1,55;1,80;;;
\PROVISIONES\ABARROTES;FZ BREAD BROWN SLICED - MOLDE INTEGRAL CONGELADO 560 GRS;PAQUETE;$ 2.290;2,63;$ 870;1,55;4,08;;;
\PROVISIONES\ABARROTES;FZ PUFF PASTRY - MASA DE HOJA;KGS;$ 6.990;8,03;$ 870;1,55;12,45;;;
\PROVISIONES\ABARROTES;GALLETAS NAVIDEÑAS 200 GR;PKT;$ 0;0,00;$ 870;1,55;0,00;;;
\PROVISIONES\ABARROTES;GARLIC POWDER - AJO POLVO;KGS;$ 5.639;6,48;$ 870;1,55;10,05;;;
\PROVISIONES\ABARROTES;GARLIC POWDER 500GR - AJO POLVO 500GR;PKT;$ 2.819;3,24;$ 870;1,55;5,02;;;
\PROVISIONES\ABARROTES;GAROTTO ASST - GAROTTO X 300 GRS;PCS;$ 0;0,00;$ 870;1,55;0,00;;;
\PROVISIONES\ABARROTES;GELATIN PLAIN - GELATINA SIN SABOR 30 GR;UNID;$ 1.169;1,34;$ 870;1,55;2,08;;;
\PROVISIONES\ABARROTES;GELATINE POWDER - GELATINA ASSTD;KGS;$ 7.479;8,60;$ 870;1,55;13,32;;;
\PROVISIONES\ABARROTES;GELATINE POWDER - GELATINA SIN SABOR 500;PKT;$ 4.202;4,83;$ 870;1,55;7,49;;;
\PROVISIONES\ABARROTES;GHERKINGS PICKLED - POLACAS 600 GRS;BTL;$ 2.857;3,28;$ 870;1,55;5,09;;;
\PROVISIONES\ABARROTES;GINGER GROUND - GINGER MOLIDO 500GR;PKT;$ 4.412;5,07;$ 870;1,55;7,86;;;
\PROVISIONES\ABARROTES;GINGER LEMON TEA-TE JENGIBRE LIMON 20'S;PKT;$ 1.764;2,03;$ 870;1,55;3,14;;;
\PROVISIONES\ABARROTES;GINGER PASTE 240GR - PASTA DE JENGIBRE 240 GRS;BTL;$ 2.733;3,14;$ 870;1,55;4,87;;;
\PROVISIONES\ABARROTES;GLUTINOUS FLOUR - HARINA  DE ARROZ GLUTINOSO ;KGS;$ 3.025;3,48;$ 870;1,55;5,39;;;
\PROVISIONES\ABARROTES;GLUTINOUS RICE - ARROZ GLUTINOSO;KGS;$ 5.042;5,80;$ 870;1,55;8,98;;;
\PROVISIONES\ABARROTES;GLUTINOUS RICE FLOUR - HARINA DE ARROZ GLUTINOSO 400 GRS;GRS; $1.460 ;1,68;$ 870;1,55;2,60;;;
\PROVISIONES\ABARROTES;GLUTIONOISE RICE - ARROZ GLUTINOSO 2KG;GRS; $6.050 ;6,95;$ 870;1,55;10,78;;;
\PROVISIONES\ABARROTES;GLUTINOUS RICE POWDER 500 G / PKT;PKT;$ 2.521;2,90;$ 870;1,55;4,49;;;
\PROVISIONES\ABARROTES;GRANOLA 370 GRS - GRANOLA;PKT;$ 2.184;2,51;$ 870;1,55;3,89;;;
\PROVISIONES\ABARROTES;GREEN TEA - TE VERDE 20'S;BOX;$ 1.050;1,21;$ 870;1,55;1,87;;;
\PROVISIONES\ABARROTES;GREEN TEA - TE VERDE X 100'S;BOX;$ 5.798;6,66;$ 870;1,55;10,33;;;
\PROVISIONES\ABARROTES;GREEN TEA LEAVES 500 GR - TE VERDE HOJA;PKT;$ 5.885;6,76;$ 870;1,55;10,48;;;
\PROVISIONES\ABARROTES;GREEN TEA LIPTON 100`S - TE VERDE;PKT;$ 6.639;7,63;$ 870;1,55;11,83;;;
\PROVISIONES\ABARROTES;GREEN TEA LIPTON 20`S - TE VERDE;PKT;$ 1.250;1,44;$ 870;1,55;2,23;;;
\PROVISIONES\ABARROTES;GRILL COOKIES - GALLETAS GRILL 140 GRS;PKT; $1.340 ;1,54;$ 870;1,55;2,39;;;
\PROVISIONES\ABARROTES;HALLS MENTHOL 25 GR;UNID;$ 450;0,52;$ 870;1,55;0,80;;;
\PROVISIONES\ABARROTES;HALVED PEACHES -DURAZNOS EN MITADES 822 GRS;TIN; $2.050 ;2,36;$ 870;1,55;3,65;;;
\PROVISIONES\ABARROTES;HALVED PEACHES - DURAZNOS EN MITADES 567 GRS;TIN; $1.980 ;2,28;$ 870;1,55;3,53;;;
\PROVISIONES\ABARROTES;HARIBO ASSTD 175 GRS;BAG ;$ 1.850;2,13;$ 870;1,55;3,30;;;
\PROVISIONES\ABARROTES;HAZELNUTS - AVELLANAS 500 GRS;PKT;$ 8.403;9,66;$ 870;1,55;14,97;;;
\PROVISIONES\ABARROTES;HAZELNUTS - AVELLANAS KG;KILO;$ 16.807;19,32;$ 870;1,55;29,94;;;
\PROVISIONES\ABARROTES;HERRING FILLET IN TOMATO - ARENQUE EN SALSA 200 GRS;TIN;$ 0;0,00;$ 870;1,55;0,00;;;
\PROVISIONES\ABARROTES;HERRING IN OIL ASSTD - ARENQUE SURTIDOS TIN;TIN;$ 0;0,00;$ 870;1,55;0,00;;;
\PROVISIONES\ABARROTES;HONEY - MIEL 450 GRS;JAR;$ 4.369;5,02;$ 870;1,55;7,78;;;
\PROVISIONES\ABARROTES;HONEY - MIEL 500 GRS;JAR;$ 4.100;4,71;$ 870;1,55;7,30;;;
\PROVISIONES\ABARROTES;HONEY - MIEL MULTIFLORAL 1KG;GRS; $6.933 ;7,97;$ 870;1,55;12,35;;;
\PROVISIONES\ABARROTES;HONEY - MIEL MULTIFLORAL 500GRS;GRS; $4.100 ;4,71;$ 870;1,55;7,30;;;
\PROVISIONES\ABARROTES;HONEY PALM 330 GRS - MIEL DE PALMA;JAR;$ 4.369;5,02;$ 870;1,55;7,78;;;
\PROVISIONES\ABARROTES;HORSERADISH 140 GR - RABANO BLANCO PASTA;BTLL;$ 1.925;2,21;$ 870;1,55;3,43;;;
\PROVISIONES\ABARROTES;HOT KETCHUP - KETCHUP PICANTE 350 GRS;BTLL;$ 3.017;3,47;$ 870;1,55;5,38;;;
\PROVISIONES\ABARROTES;HUESILLOS;KGS;$ 7.479;8,60;$ 870;1,55;13,32;;;
\PROVISIONES\ABARROTES;ICING SUGAR - AZUCAR FLOR;KGS;$ 1.933;2,22;$ 870;1,55;3,44;;;
\PROVISIONES\ABARROTES;ICING/POWDERED SUGAR - AZUCAR FLOR 500 GRS;GRS; $1.050 ;1,21;$ 870;1,55;1,87;;;
\PROVISIONES\ABARROTES;ICING/POWDERED SUGAR - AZUCAR FLOR 1 KG;GRS; $2.109 ;2,42;$ 870;1,55;3,76;;;
\PROVISIONES\ABARROTES;INSTANT NOODLES ASSTD - RAMEN 30 X 63 GRS;BOX;$ 13.650;15,69;$ 870;1,55;24,32;;;
\PROVISIONES\ABARROTES;INSTANT NOODLES RAMEN CARNE ;PKT;$ 492;0,57;$ 870;1,55;0,88;;;
\PROVISIONES\ABARROTES;INSTANT NOODLES RAMEN POLLO;PKT;$ 492;0,57;$ 870;1,55;0,88;;;
\PROVISIONES\ABARROTES;INSTANT NOODLES RAMEN VERDURA;PKT;$ 492;0,57;$ 870;1,55;0,88;;;
\PROVISIONES\ABARROTES;INSTANT NOODLES SHRIMPS;PKT;$ 660;0,76;$ 870;1,55;1,18;;;
\PROVISIONES\ABARROTES;INSTANT OATMEAL - AVENA INSTANTANEA 400 GRS;PKT;$ 1.720;1,98;$ 870;1,55;3,06;;;
\PROVISIONES\ABARROTES;INSTANT OATMEAL - AVENA INSTANTANEA 400 GRS;GRS; $1.720 ;1,98;$ 870;1,55;3,06;;;
\PROVISIONES\ABARROTES;INSTANT OATMEAL - AVENA INSTANTANEA 700 GRS;GRS; $2.050 ;2,36;$ 870;1,55;3,65;;;
\PROVISIONES\ABARROTES;INSTANT OATMEAL - AVENA INSTANTANEA 800 GRS;GRS; $2.150 ;2,47;$ 870;1,55;3,83;;;
\PROVISIONES\ABARROTES;JALAPEÑO SLICED 200 GRS - JALAEÑO LAMINADO ;BTL;$ 0;0,00;$ 870;1,55;0,00;;;
\PROVISIONES\ABARROTES;JAM BLACK CURANT - MERMELADA 340 GRS/BTL;UNID;$ 3.697;4,25;$ 870;1,55;6,59;;;
\PROVISIONES\ABARROTES;JAM BLACKBERRY - MERMELADA MORA 340 GRS/BTL;UNID;$ 3.697;4,25;$ 870;1,55;6,59;;;
\PROVISIONES\ABARROTES;JAM BLUEBERRY - MERMELADA ARANDANO 340 GRS/BTL;UNID;$ 3.697;4,25;$ 870;1,55;6,59;;;
\PROVISIONES\ABARROTES;JAM CHERRY - MERMELADA DE GUINDA 340 GRS/BTL;UNID;$ 3.697;4,25;$ 870;1,55;6,59;;;
\PROVISIONES\ABARROTES;JAM MIXED FRUIT - MERMELADA FRUTOS MIX 340 GRS/BTL;UNID;$ 3.697;4,25;$ 870;1,55;6,59;;;
\PROVISIONES\ABARROTES;JAM PINNEAPLE - MERMELADA DE PIÑA 280 GRS/BTL;UNID;$ 2.605;2,99;$ 870;1,55;4,64;;;
\PROVISIONES\ABARROTES;JAM RASPBERRY - MERMELADA DE FRAMBUESA 340 GRS/BTL;UNID;$ 3.697;4,25;$ 870;1,55;6,59;;;
\PROVISIONES\ABARROTES;JAM SUGARFREE, MERMELADA SIN AZUCAR 320 GRS/BTL;PCS;$ 2.774;3,19;$ 870;1,55;4,94;;;
\PROVISIONES\ABARROTES;JAMS ASST - MERMELADAS SURTIDAS 340 GRS/BTL;UNID;$ 3.697;4,25;$ 870;1,55;6,59;;;
\PROVISIONES\ABARROTES;JAZMIN RICE - ARROZ JAZMIN;KILO;$ 1.980;2,28;$ 870;1,55;3,53;;;
\PROVISIONES\ABARROTES;JUICE TOMATO 300 ML / TIN;TIN;$ 1.051;1,21;$ 870;1,55;1,87;;;
\PROVISIONES\ABARROTES;KARINA CHOCOLAT MILK 100 GR;BARRA;$ 1.421;1,63;$ 870;1,55;2,53;;;
\PROVISIONES\ABARROTES;KETCHUP PET 240 GRS;PCS;$ 1.310;1,51;$ 870;1,55;2,33;;;
\PROVISIONES\ABARROTES;KETCHUP HEINZ 397 CC DOYPACK;PCS;$ 2.101;2,41;$ 870;1,55;3,74;;;
\PROVISIONES\ABARROTES;KETCHUP HELLMANS 900 GRS;PCS;$ 3.142;3,61;$ 870;1,55;5,60;;;
\PROVISIONES\ABARROTES;KIDNEY BEANS  - POROTO ROJO TIN  380 GRS;BOX;$ 1.253;1,44;$ 870;1,55;2,23;;;
\PROVISIONES\ABARROTES;KITKAT BLACK 50 GR;BARRA;$ 1.169;1,34;$ 870;1,55;2,08;;;
\PROVISIONES\ABARROTES;KITKAT WHITE 50 GR - CHOCOLATE KIT KAT 50 GR;BARRA;$ 1.169;1,34;$ 870;1,55;2,08;;;
\PROVISIONES\ABARROTES;LARD - MANTECA;KILO;$ 3.109;3,57;$ 870;1,55;5,54;;;
\PROVISIONES\ABARROTES;LASAGNA 400 GRS - LASAGNA LOCAL;PCS;$ 2.510;2,89;$ 870;1,55;4,47;;;
\PROVISIONES\ABARROTES;LAYS ASSTD TUBE 130 GR;TUBE;$ 2.017;2,32;$ 870;1,55;3,59;;;
\PROVISIONES\ABARROTES;LAYS OREGANO-PAPAS LAYS OREGANO 180GR;BAG;$ 1.891;2,17;$ 870;1,55;3,37;;;
\PROVISIONES\ABARROTES;LENTILS - LENTEJAS;KGS;$ 2.941;3,38;$ 870;1,55;5,24;;;
\PROVISIONES\ABARROTES;LENTILS RED PEELED - LENTEJAS ROJAS PELADAS;KGS;$ 2.859;3,29;$ 870;1,55;5,09;;;
\PROVISIONES\ABARROTES;LIMA BEANS - POROTO GIGANTE;KGS;$ 4.034;4,64;$ 870;1,55;7,19;;;
\PROVISIONES\ABARROTES;LIPTON TEA YELLOW LABEL X 20 UN;PCS;$ 2.437;2,80;$ 870;1,55;4,34;;;
\PROVISIONES\ABARROTES;LITPON TEA YELLOW 100 UN;PKT;$ 5.650;6,49;$ 870;1,55;10,07;;;
\PROVISIONES\ABARROTES;LIPTON YELLOW LABEL TEA 50 - TE LIPTON;PKT;$ 0;0,00;$ 870;1,55;0,00;;;
\PROVISIONES\ABARROTES;LIQUID SEASONING 100 ML MAGGI;BTLL;$ 3.352;3,85;$ 870;1,55;5,97;;;
\PROVISIONES\ABARROTES;LIQUID SEASONING 200 ML MAGGI;BTLL;$ 3.352;3,85;$ 870;1,55;5,97;;;
\PROVISIONES\ABARROTES;LOCAL LIVER PASTE - PATE 100 GRS;TIN;$ 1.386;1,59;$ 870;1,55;2,47;;;
\PROVISIONES\ABARROTES;LYCHEE IN TINS ;TIN;$ 0;0,00;$ 870;1,55;0,00;;;
\PROVISIONES\ABARROTES;MACKEREL IN WATER - JUREL AL AGUA 400 GR;TIN;$ 1.681;1,93;$ 870;1,55;2,99;;;
\PROVISIONES\ABARROTES;MACKEREL NATURAL TIN - JUREL NATURAL;TIN;$ 1.681;1,93;$ 870;1,55;2,99;;;
\PROVISIONES\ABARROTES;MAGGIE BULLION CUBES  - CALDO MAGGIE  1 X 12 ;PKT;$ 1.252;1,44;$ 870;1,55;2,23;;;
\PROVISIONES\ABARROTES;MAGGIE CUBES VEGETABLES;UNID;$ 1.252;1,44;$ 870;1,55;2,23;;;
\PROVISIONES\ABARROTES;MANGO PICKLE 500 ML;BTL;$ 0;0,00;$ 870;1,55;0,00;;;
\PROVISIONES\ABARROTES;MANGO PULP - PULPA DE MANGO 500 GRS;PKT;$ 0;0,00;$ 870;1,55;0,00;;;
\PROVISIONES\ABARROTES;MANJAR;KGS ;$ 4.008;4,61;$ 870;1,55;7,14;;;
\PROVISIONES\ABARROTES;MARCO POLO POTATO 380 GR - PAPAS CASERAS MARCO POLO 380 GR;BAG;$ 0;0,00;$ 870;1,55;0,00;;;
\PROVISIONES\ABARROTES;MARRAQUETA;UNID;$ 320;0,37;$ 870;1,55;0,57;;;
\PROVISIONES\ABARROTES;MAYONESA READY 900 GR;PCS;$ 3.613;4,15;$ 870;1,55;6,44;;;
\PROVISIONES\ABARROTES;MAYONNAISE 380 GR  - MAYONESA;UNID;$ 3.260;3,75;$ 870;1,55;5,81;;;
\PROVISIONES\ABARROTES;MEAT TENDERIZER - ABLANDADOR DE CARNE 200 GRS;BTL;$ 0;0,00;$ 870;1,55;0,00;;;
\PROVISIONES\ABARROTES;MENESTRONE SOUP - SOPA CARBONADA ;KGS;$ 8.319;9,56;$ 870;1,55;14,82;;;
\PROVISIONES\ABARROTES;MENTOS 113 GRS;PKT;$ 1.587;1,82;$ 870;1,55;2,83;;;
\PROVISIONES\ABARROTES;MILO SACHET 300 GRS;PKT; $2.650 ;3,05;$ 870;1,55;4,72;;;
\PROVISIONES\ABARROTES;MILK POWDER - LECHE POLVO 900 grs;BAG;$ 7.059;8,11;$ 870;1,55;12,58;;;
\PROVISIONES\ABARROTES;MILK POWDER X 1,350 KGS NIDO;TIN;$ 12.521;14,39;$ 870;1,55;22,31;;;
\PROVISIONES\ABARROTES;MILKYWAY 50 GR;BARRA;$ 1.084;1,25;$ 870;1,55;1,93;;;
\PROVISIONES\ABARROTES;MILKY WAY 52GRS;PKT; $1.008 ;1,16;$ 870;1,55;1,80;;;
\PROVISIONES\ABARROTES;MINI CROWN WITH CUSTARD CREAM - PASTELIT;PCS;$ 0;0,00;$ 870;1,55;0,00;;;
\PROVISIONES\ABARROTES;MIX FRUIS DRY -PENUTS,ALMOND,RAISIN;PKT;$ 1.680;1,93;$ 870;1,55;2,99;;;
\PROVISIONES\ABARROTES;MIX NUTS KG;KGS;$ 8.400;9,66;$ 870;1,55;14,97;;;
\PROVISIONES\ABARROTES;MIX VEGETABLES, JARDINERA CAJA 340 GRS;BOX;$ 1.350;1,55;$ 870;1,55;2,41;;;
\PROVISIONES\ABARROTES;MONGO BEANS - POROTOS MONGOS;KG;$ 3.990;4,59;$ 870;1,55;7,11;;;
\PROVISIONES\ABARROTES;MOTE;KGS;$ 2.100;2,41;$ 870;1,55;3,74;;;
\PROVISIONES\ABARROTES;MUESLLI - MUESLI;KILO;$ 4.109;4,72;$ 870;1,55;7,32;;;
\PROVISIONES\ABARROTES;MUESLI VIOLA 1KG;KILO; $4.200 ;4,83;$ 870;1,55;7,48;;;
\PROVISIONES\ABARROTES;MULTICEREAL 450 GRS;UNID;$ 0;0,00;$ 870;1,55;0,00;;;
\PROVISIONES\ABARROTES;MUSHROOM - CHAMPIÑON FRESCO;KGS;$ 7.521;8,64;$ 870;1,55;13,40;;;
\PROVISIONES\ABARROTES;MUSHROOM SLICED - CHAMPIÑONES LAMINADOS 400CC;TIN;$ 1.290;1,48;$ 870;1,55;2,30;;;
\PROVISIONES\ABARROTES;MUSHROOM WHOLE - CHAMPIÑONES 400 GR ;TIN;$ 1.290;1,48;$ 870;1,55;2,30;;;
\PROVISIONES\ABARROTES;MUSTARD 240 GR - MOSTAZA;PCS;$ 1.218;1,40;$ 870;1,55;2,17;;;
\PROVISIONES\ABARROTES;MUSTARD FRENCH DIJON - MOSTAZA 170 GRS;UNID;$ 0;0,00;$ 870;1,55;0,00;;;
\PROVISIONES\ABARROTES;MUSTARD HEINZ - MOSTAZA HEINZ 396 GRS;BTL;$ 4.790;5,51;$ 870;1,55;8,53;;;
\PROVISIONES\ABARROTES;MUSTARD SEED - SEMILLA DE MOSTAZA;KGS;$ 8.450;9,71;$ 870;1,55;15,05;;;
\PROVISIONES\ABARROTES;MUSTARD SEED - SEMILLA DE MOSTAZA 500 GR;PKT;$ 4.225;4,86;$ 870;1,55;7,53;;;
\PROVISIONES\ABARROTES;MUSTARD SEED 100GR - SEMILLA MOSTAZA 100;PKT;$ 845;0,97;$ 870;1,55;1,51;;;
\PROVISIONES\ABARROTES;NESCAFE GOLDE FINE SELECTION - CAFE FINA SELECCION 200 GR ;BTL;$ 7.880;9,06;$ 870;1,55;14,04;;;
\PROVISIONES\ABARROTES;NESQUICK 380 GR;BAG;$ 2.680;3,08;$ 870;1,55;4,77;;;
\PROVISIONES\ABARROTES;NESQUICK CHOCOLATE 400GRS;PKT; $2.680 ;3,08;$ 870;1,55;4,77;;;
\PROVISIONES\ABARROTES;NESTEA ICE TEA 400 ML;UNID;$ 0;0,00;$ 870;1,55;0,00;;;
\PROVISIONES\ABARROTES;NESTLE ALL PURPOSE CREAM 157 GR - CREMA NESTLE;CAN;$ 1.429;1,64;$ 870;1,55;2,55;;;
\PROVISIONES\ABARROTES;NONSALTED PEANUTS 180 GR - MANI SIN SAL 180 GR;PKT;$ 800;0,92;$ 870;1,55;1,43;;;
\PROVISIONES\ABARROTES;NOODLES TRIUNFO - FIDEOS TRIUNFO 250 GRS;GRS; $2.176 ;2,50;$ 870;1,55;3,88;;;
\PROVISIONES\ABARROTES;NUT MEG POWDER - NUEZ MOZCADA;KGS;$ 23.200;26,67;$ 870;1,55;41,33;;;
\PROVISIONES\ABARROTES;NUT MEG WHOLE - NUEZ MOZCADA;KGS;$ 23.200;26,67;$ 870;1,55;41,33;;;
\PROVISIONES\ABARROTES;NUTELLA 350 GR ORIGINAL FERRERO- NUTELLA;BTL;$ 4.890;5,62;$ 870;1,55;8,71;;;
\PROVISIONES\ABARROTES;NUTS CASHEW RAW - CASTAÑAS DE CAJU;KGS;$ 17.647;20,28;$ 870;1,55;31,44;;;
\PROVISIONES\ABARROTES;OATMEAL BLUEBERRY AND RAISIN 630 GR;PKT;$ 0;0,00;$ 870;1,55;0,00;;;
\PROVISIONES\ABARROTES;OIL BLACK - ACEITUNAS NEGRAS;KGS;$ 7.513;8,64;$ 870;1,55;13,39;;;
\PROVISIONES\ABARROTES;OIL COOKING SPRAY - ACEITE COCINA SPRAY 141 ML;BTL;$ 4.866;5,59;$ 870;1,55;8,67;;;
\PROVISIONES\ABARROTES;OLIVE BLACK 350 GR - ACEITUNAS NEGRAS;CUP;$ 2.498;2,87;$ 870;1,55;4,45;;;
\PROVISIONES\ABARROTES;OLIVE OIL - ACEITE OLIVA;LTS;$ 6.690;7,69;$ 870;1,55;11,92;;;
\PROVISIONES\ABARROTES;OLIVE OIL 5 LT - ACEITE DE OLIVA 5 LT;BTL;$ 0;0,00;$ 870;1,55;0,00;;;
\PROVISIONES\ABARROTES;OLIVES ASSTD IN TIN - ACEITUNAS SURTIDAS 200 GR FRAGATA;BTL;$ 0;0,00;$ 870;1,55;0,00;;;
\PROVISIONES\ABARROTES;OLIVES GREEN STUFFED 350 GRS -ACEITUNAS VERDES RELLENAS;CUP;$ 2.498;2,87;$ 870;1,55;4,45;;;
\PROVISIONES\ABARROTES;OLIVES STONELESS BLACK - ACEITUNA NEGRA S/ HUESO;KGS;$ 7.513;8,64;$ 870;1,55;13,39;;;
\PROVISIONES\ABARROTES;OLIVES STONELESS GREEN - ACEITUNAS VERDES S/HUESO;KGS;$ 7.513;8,64;$ 870;1,55;13,39;;;
\PROVISIONES\ABARROTES;OLIVES STUFFED - ACEITUNAS 350 GRS;CUP;$ 2.498;2,87;$ 870;1,55;4,45;;;
\PROVISIONES\ABARROTES;OREO COOKIE - GALLETA OREO 108 GRS;GRS; $720 ;0,83;$ 870;1,55;1,28;;;
\PROVISIONES\ABARROTES;ONION POWDER - CEBOLLA EN POLVO;KGS;$ 6.555;7,53;$ 870;1,55;11,68;;;
\PROVISIONES\ABARROTES;OREGANO KGS GROUND;KGS;$ 6.723;7,73;$ 870;1,55;11,98;;;
\PROVISIONES\ABARROTES;OREGANO KGS WHOLE;KGS;$ 6.723;7,73;$ 870;1,55;11,98;;;
\PROVISIONES\ABARROTES;OYSTER SAUCE - SALSA OSTRA 500 ML;BTL;$ 3.200;3,68;$ 870;1,55;5,70;;;
\PROVISIONES\ABARROTES;PAN DE HAMBURGUESA ;UNID;$ 350;0,40;$ 870;1,55;0,62;;;
\PROVISIONES\ABARROTES;PAN HOT DOG;UNID;$ 350;0,40;$ 870;1,55;0,62;;;
\PROVISIONES\ABARROTES;PANCAKE FLOUR 300 GRS ;PAQUETE;$ 2.504;2,88;$ 870;1,55;4,46;;;
\PROVISIONES\ABARROTES;PAPRIKA;KGS;$ 6.723;7,73;$ 870;1,55;11,98;;;
\PROVISIONES\ABARROTES;PAPRIKA POWDER X 500 GR;PKT;$ 3.361;3,86;$ 870;1,55;5,99;;;
\PROVISIONES\ABARROTES;PASTA FOR SOUP 250GRS;PKT;$ 890;1,02;$ 870;1,55;1,59;;;
\PROVISIONES\ABARROTES;PASTA TAGLIATELLIES 500 GRS;PKT;$ 4.789;5,50;$ 870;1,55;8,53;;;
\PROVISIONES\ABARROTES;PASTA TWIST 400 GRS;PKT;$ 1.008;1,16;$ 870;1,55;1,80;;;
\PROVISIONES\ABARROTES;PASTA LASAGNA - PASTA LASAÑA 400 GRS;PKT;$ 2.510;2,89;$ 870;1,55;4,47;;;
\PROVISIONES\ABARROTES;PASTE TORTELLINI CHEESE 400 GR;PKT;$ 2.436;2,80;$ 870;1,55;4,34;;;
\PROVISIONES\ABARROTES;PEACH 560 GR TIN;TIN;$ 1.850;2,13;$ 870;1,55;3,30;;;
\PROVISIONES\ABARROTES;PEACHES HALVED - DURAZNO EN MITADES X 820;TIN;$ 1.990;2,29;$ 870;1,55;3,55;;;
\PROVISIONES\ABARROTES;PEANUT - MANI CRUDO;KGS;$ 4.034;4,64;$ 870;1,55;7,19;;;
\PROVISIONES\ABARROTES;PEANUT CHILI FLAVOR - MANI PICANTE 180GR;PKT;$ 925;1,06;$ 870;1,55;1,65;;;
\PROVISIONES\ABARROTES;PEANUT SALTED 180 GR - MANI SALADO 180 GR;PKT;$ 890;1,02;$ 870;1,55;1,59;;;
\PROVISIONES\ABARROTES;PEANUT SHELL - MANI CON CASCARA ;KGS;$ 5.890;6,77;$ 870;1,55;10,49;;;
\PROVISIONES\ABARROTES;PEANUT BUTTER 500 GRS;JAR;$ 3.150;3,62;$ 870;1,55;5,61;;;
\PROVISIONES\ABARROTES;PEAR HALVES 560 GR - PERAS EN CONSERVA 560GR;UNID;$ 0;0,00;$ 870;1,55;0,00;;;
\PROVISIONES\ABARROTES;PEAS GREEN 400 GR - ARVEJAS;TIN;$ 823;0,95;$ 870;1,55;1,47;;;
\PROVISIONES\ABARROTES;PEELED TOMATOES - TOMATES PELADOS 560 GRS;TIN;$ 1.680;1,93;$ 870;1,55;2,99;;;
\PROVISIONES\ABARROTES;PEELED TOMATOES - TOMATES PELADOS 800 GRS;TIN;$ 1.890;;;;;;;
\PROVISIONES\ABARROTES;PENNE PASTA - PASTA CANUTO 400 GRS;PKT;$ 1.008;1,16;$ 870;1,55;1,80;;;
\PROVISIONES\ABARROTES;PENNE NOODLES - FIDEOS PENNE RIGATI 400 GRS;GRS; $832 ;0,96;$ 870;1,55;1,48;;;
\PROVISIONES\ABARROTES;PEPPER BLACK POWDER - PIMIENTA NEGRA MOLIDA;KILO;$ 17.700;20,34;$ 870;1,55;31,53;;;
\PROVISIONES\ABARROTES;PEPPER BLACK POWDER 500GR - PIMIENTA NEGRA MOLIDA 500GR;PKT;$ 8.850;10,17;$ 870;1,55;15,77;;;
\PROVISIONES\ABARROTES;PEPPER BLACK WHOLE - PIMIENTA NEGRA ENTERA 500 GR;PKT;$ 8.404;9,66;$ 870;1,55;14,97;;;
\PROVISIONES\ABARROTES;PEPPER BLACK WHOLE- PIMIENTA NEGRA ENTERA;KGS;$ 16.807;19,32;$ 870;1,55;29,94;;;
\PROVISIONES\ABARROTES;PEPPER CAYENNE - PIMIENTA CAYENA 20 GR;PKT;$ 0;0,00;$ 870;1,55;0,00;;;
\PROVISIONES\ABARROTES;PEPPER GROUND WHITE 500 GR;PKT;$ 12.563;14,44;$ 870;1,55;22,38;;;
\PROVISIONES\ABARROTES;PEPPER WHITE GROUND - PIMIENTA BLANCA;KGS;$ 25.126;28,88;$ 870;1,55;44,76;;;
\PROVISIONES\ABARROTES;PEPPER WHITE WHOLE , PIMIENTA BLANCA ENTERA KGS;KILO;$ 24.790;28,49;$ 870;1,55;44,17;;;
\PROVISIONES\ABARROTES;PEPPER WHITE WHOLE 500 GRS, PIMIENTA BLANCA ENTERA 500 GRS;PKT;$ 12.395;14,25;$ 870;1,55;22,08;;;
\PROVISIONES\ABARROTES;PESTO SAUCE - SALSA PESTO 190 GRS;BTL;$ 3.606;4,14;$ 870;1,55;6,42;;;
\PROVISIONES\ABARROTES;PICKLED CUCUMBERS - PEPINILLOS 350 GRS;CUP;$ 2.504;2,88;$ 870;1,55;4,46;;;
\PROVISIONES\ABARROTES;PINEAPPLE SLICED 800GR - PIÑA RODAJAS EN CONSERVA;TIN;$ 2.599;2,99;$ 870;1,55;4,63;;;
\PROVISIONES\ABARROTES;PINEAPPLES - PIÑAS EN RODAJAS 566 GRS;TIN;$ 1.962;2,26;$ 870;1,55;3,50;;;
\PROVISIONES\ABARROTES;PISTACHOS;KGS;$ 18.487;21,25;$ 870;1,55;32,94;;;
\PROVISIONES\ABARROTES;PISTACHOS 80 GR;PKT;$ 1.760;2,02;$ 870;1,55;3,14;;;
\PROVISIONES\ABARROTES;PITA BREAD 8 PCS - PAN PITA X 8 UNID;PKT;$ 1.597;1,84;$ 870;1,55;2,85;;;
\PROVISIONES\ABARROTES;PIZZA SAUCE 200GR - SALSA PIZZA 200 GR;PKT;$ 824;0,95;$ 870;1,55;1,47;;;
\PROVISIONES\ABARROTES;POLENTA;KGS;$ 1.849;2,13;$ 870;1,55;3,29;;;
\PROVISIONES\ABARROTES;POTATO CHIP LAYS - PAPAS CORTE AMERICANO 220 GRS;PKT;$ 2.008;2,31;$ 870;1,55;3,58;;;
\PROVISIONES\ABARROTES;POTATO CHIPS ASST 180 GRS LAYS;PKT;$ 2.008;2,31;$ 870;1,55;3,58;;;
\PROVISIONES\ABARROTES;POTATO CHIPS PRINGLES 130 GR ASTD;TUBE;$ 2.227;2,56;$ 870;1,55;3,97;;;
\PROVISIONES\ABARROTES;PRINGLES ASSORTED - PRINGLES SURTIDAS 104 GRS;TUBE; $1.995 ;2,29;$ 870;1,55;3,55;;;
\PROVISIONES\ABARROTES;POTATO CHIPS PRINGLES BBQ 152 GR;TUBE;$ 2.350;2,70;$ 870;1,55;4,19;;;
\PROVISIONES\ABARROTES;POTATO CHIPS PRINGLES BBQ 158GRS;TUBE; $2.350 ;2,70;$ 870;1,55;4,19;;;
\PROVISIONES\ABARROTES;POTATO CHIPS PRINGLES CHEESE - QUESO 109 GR;TUBE;$ 1.945;2,24;$ 870;1,55;3,47;;;
\PROVISIONES\ABARROTES;POTATO CHIPS PRINGLES CHEESE - PRINGLES QUESO 124 GRS;TUBE; $1.955 ;2,25;$ 870;1,55;3,48;;;
\PROVISIONES\ABARROTES;POTATO CHIPS CHEESE&ONION LAYS;TUBE;$ 2.034;2,34;$ 870;1,55;3,62;;;
\PROVISIONES\ABARROTES;PRINGLES ONION CREAM -PRINGLES CREMA CEBOLLA 104GRS;TUBE; $1.955 ;2,25;$ 870;1,55;3,48;;;
\PROVISIONES\ABARROTES;PORTATO CHIPS PRINGLES ORIGINAL 104GRS;TUBE; $1.955 ;2,25;$ 870;1,55;3,48;;;
\PROVISIONES\ABARROTES;POTATO HASH BROWNS - TORTILLA DE PAPAS;KGS;$ 5.589;6,42;$ 870;1,55;9,96;;;
\PROVISIONES\ABARROTES;POTATO STARCH - CHUÑO;KILO;$ 2.983;3,43;$ 870;1,55;5,31;;;
\PROVISIONES\ABARROTES;POWDER MILK NIDO 800GR - LECHE POLVO NIDO 800GR;PKT;$ 8.152;9,37;$ 870;1,55;14,52;;;
\PROVISIONES\ABARROTES;PRESTIGIO CHOCOLATE 16 X 35GRS;BOX; $597 ;0,69;$ 870;1,55;1,06;;;
\PROVISIONES\ABARROTES;PRUNES DRY - CIRUELAS SECAS;KGS;$ 6.723;7,73;$ 870;1,55;11,98;;;
\PROVISIONES\ABARROTES;PLUM JAM - MERMELADA DE CIRUELA 485 GRS;PKT; $3.450 ;3,97;$ 870;1,55;6,15;;;
\PROVISIONES\ABARROTES;PUMPKIN SEEDS - SEMILLA DE ZAPALLO;KGS;$ 12.490;14,36;$ 870;1,55;22,25;;;
\PROVISIONES\ABARROTES;QUAIL EGG X 24 PCS - HUEVO DE CODORNIZ;CAN;$ 2.898;3,33;$ 870;1,55;5,16;;;
\PROVISIONES\ABARROTES;QUIFARO NOODLES - FIDEOS QUIFARO 400 GRS;GRS; $832 ;0,96;$ 870;1,55;1,48;;;
\PROVISIONES\ABARROTES;QUINOA;KGS;$ 5.790;6,66;$ 870;1,55;10,32;;;
\PROVISIONES\ABARROTES;RAMITAS (CHEESE) 270 GR;PKT;$ 1.723;1,98;$ 870;1,55;3,07;;;
\PROVISIONES\ABARROTES;RAVIOLI 580 grs;TIN;$ 0;0,00;$ 870;1,55;0,00;;;
\PROVISIONES\ABARROTES;RED CHILLI WHOLE DRY- AJI CACHO CABRA 100 GRS;PKT;$ 18.487;21,25;$ 870;1,55;32,94;;;
\PROVISIONES\ABARROTES;RED VINEGAR - VINGAGRE ROSADO 500ML;BTL; $890 ;1,02;$ 870;1,55;1,59;;;
\PROVISIONES\ABARROTES;RED VINEGAR - VINAGRE ROSADO 1LT;BTL; $1.781 ;2,05;$ 870;1,55;3,17;;;
\PROVISIONES\ABARROTES;REGALIS 240 GR;PCS;;0,00;$ 870;1,55;0,00;;;
\PROVISIONES\ABARROTES;REGALIS 80 GRS;PCS;;0,00;$ 870;1,55;0,00;;;
\PROVISIONES\ABARROTES;RICE BARBOILED - ARROZ PRE GRANEADO;KGS;$ 1.933;2,22;$ 870;1,55;3,44;;;
\PROVISIONES\ABARROTES;RICE BASMATI - ARROZ BASMATI;KGS;$ 3.781;4,35;$ 870;1,55;6,74;;;
\PROVISIONES\ABARROTES;RICE FLOUR - HARINA DE ARROZ;KGS;$ 2.344;2,69;$ 870;1,55;4,18;;;
\PROVISIONES\ABARROTES;RICE LONG GRAIN - ARROZ GRANO LARGO;KGS;$ 1.070;1,23;$ 870;1,55;1,91;;;
\PROVISIONES\ABARROTES;RICE STICK 200 GRS;PKT;$ 2.353;2,70;$ 870;1,55;4,19;;;
\PROVISIONES\ABARROTES;RICE VERMICELLI 200 GR - FIDEOS DE ARROZ;PKT;$ 1.513;1,74;$ 870;1,55;2,70;;;
\PROVISIONES\ABARROTES;RICE NOODLES 22O GRS;PKT;$ 1.420;1,63;$ 870;1,55;2,53;;;
\PROVISIONES\ABARROTES;RICE BROAD NOODLES - FIDEOS DE ARROZ ANCHO 375 GRS;GRS; $2.250 ;2,59;$ 870;1,55;4,01;;;
\PROVISIONES\ABARROTES;RICE DOUGH - MASA DE ARROZ 224 GR;PKT;$ 2.800;3,22;$ 870;1,55;4,99;;;
\PROVISIONES\ABARROTES;RIGATONI NOODLES -FIDEOS RIGATONI 400 GRS;GRS; $832 ;0,96;$ 870;1,55;1,48;;;
\PROVISIONES\ABARROTES;RISSOTO RICE - ARROZ RISSOTO;KGS;$ 4.369;5,02;$ 870;1,55;7,78;;;
\PROVISIONES\ABARROTES;ROCK SALT - SAL 800 GR;PKT;$ 1.680;1,93;$ 870;1,55;2,99;;;
\PROVISIONES\ABARROTES;ROUND RICE DOUGH - MASA DE ARROZ REDONDA 227GRS;GRS; $2.550 ;2,93;$ 870;1,55;4,54;;;
\PROVISIONES\ABARROTES;ROSEMARY 500 GR ROMERO;PKT;$ 4.600;5,29;$ 870;1,55;8,20;;;
\PROVISIONES\ABARROTES;ROSEMARY KG - ROMERO;KGS;$ 9.200;10,57;$ 870;1,55;16,39;;;
\PROVISIONES\ABARROTES;SAHNE NUSS - CHOCOLATE SAHNE NUSS 160 GRS;BARRA;$ 3.521;4,05;$ 870;1,55;6,27;;;
\PROVISIONES\ABARROTES;SALMON TINNED 170 GRS - LATA DE SALMON;TIN;$ 3.261;3,75;$ 870;1,55;5,81;;;
\PROVISIONES\ABARROTES;SALT COOKING - SAL COCINA 1KG;KGS;$ 525;0,60;$ 870;1,55;0,94;;;
\PROVISIONES\ABARROTES;SALT FINE 500 GR - SAL FINA;BTLL;$ 1.250;1,44;$ 870;1,55;2,23;;;
\PROVISIONES\ABARROTES;TABLE SALT - SAL DE MESA 500GRS;PKT; $1.135 ;1,30;$ 870;1,55;2,02;;;
\PROVISIONES\ABARROTES;SALT FINE- SAL FINA;KILO;$ 515;0,59;$ 870;1,55;0,92;;;
\PROVISIONES\ABARROTES;SALTED CUCUMBERS - POLACAS 600ML;BTL;$ 2.857;3,28;$ 870;1,55;5,09;;;
\PROVISIONES\ABARROTES;SAMBAL OLEK 250 ML;BTL;$ 0;0,00;$ 870;1,55;0,00;;;
\PROVISIONES\ABARROTES;SANDWICH SPREAD 250 GRS;BTLL;$ 2.689;3,09;$ 870;1,55;4,79;;;
\PROVISIONES\ABARROTES;SARDINE IN HOT SAUCE - SARDINA EN SALSA PICANTE 125 GRS;TIN;$ 1.681;1,93;$ 870;1,55;2,99;;;
\PROVISIONES\ABARROTES;SARDINES IN OIL / TOMATO 125 GRS;TIN;$ 970;1,11;$ 870;1,55;1,73;;;
\PROVISIONES\ABARROTES;SAUCE BARBECUE 510 ML - SALSA BARBACOA;BTL;$ 3.445;3,96;$ 870;1,55;6,14;;;
\PROVISIONES\ABARROTES;SAUCE KIKKOMAN 591 ML - SALSA;BTLL;$ 6.990;8,03;$ 870;1,55;12,45;;;
\PROVISIONES\ABARROTES;SAUCE SIRACHA 200 ML;BTLL;$ 2.436;2,80;$ 870;1,55;4,34;;;
\PROVISIONES\ABARROTES;SAUCE SWEET & SOUR 180 ML;BTL;$ 2.184;2,51;$ 870;1,55;3,89;;;
\PROVISIONES\ABARROTES;SAUCE TABASCO 150 ML - SALSA TABASCO;BTL;$ 6.638;7,63;$ 870;1,55;11,83;;;
\PROVISIONES\ABARROTES;SAUCE TABASCO 60 ML - SALSA TABASCO;BTL;$ 3.908;4,49;$ 870;1,55;6,96;;;
\PROVISIONES\ABARROTES;SAUCE TACO HOT 200 GRS;BAG;$ 0;0,00;$ 870;1,55;0,00;;;
\PROVISIONES\ABARROTES;SAUCE TARTARE X 250 GR;BTL;$ 1.261;1,45;$ 870;1,55;2,25;;;
\PROVISIONES\ABARROTES;SAUCE TERIYAKI 165ML - SALSA TERIYAKI;BTL;$ 2.933;3,37;$ 870;1,55;5,23;;;
\PROVISIONES\ABARROTES;SAUERKRAUT - CHUCRUT 600 GRS;TIN;$ 3.269;3,76;$ 870;1,55;5,82;;;
\PROVISIONES\ABARROTES;SEED SESAME 500 GR - SEMILLA DE SESAMO ;PKT;$ 3.319;3,81;$ 870;1,55;5,91;;;
\PROVISIONES\ABARROTES;SEED SESAME KGS - SEMILLA DE SESAMO ;KGS;$ 6.638;7,63;$ 870;1,55;11,83;;;
\PROVISIONES\ABARROTES;SELF RISING CAKE FLOUR - HARINA CON POLV;KGS;$ 1.176;1,35;$ 870;1,55;2,10;;;
\PROVISIONES\ABARROTES;SEMILLA DE AMAPOLA 500 GR;PKT;$ 4.622;5,31;$ 870;1,55;8,23;;;
\PROVISIONES\ABARROTES;SEMOLINA 500 GR;UNID;$ 1.340;1,54;$ 870;1,55;2,39;;;
\PROVISIONES\ABARROTES;SEMOLINA 1KG;UNID;$ 2.390;2,75;$ 870;1,55;4,26;;;
\PROVISIONES\ABARROTES;SESAME OIL - ACEITE SESAMO 250 ML;UNID;$ 5.034;5,79;$ 870;1,55;8,97;;;
\PROVISIONES\ABARROTES;SHAMPOO HEAD&SHOULDER 375GRS;BTL; $3.745 ;4,30;$ 870;1,55;6,67;;;
\PROVISIONES\ABARROTES;SHORT GRAIN RICE -ARROZ GRANO CORTO;KGS;$ 1.850;2,13;$ 870;1,55;3,30;;;
\PROVISIONES\ABARROTES;SKITTLES 62 GRS;PKT;$ 0;0,00;$ 870;1,55;0,00;;;
\PROVISIONES\ABARROTES;SKY FLAKES CRACKERS - GALLETAS SALADAS  200 GRS/PKT;PKT;$ 0;0,00;$ 870;1,55;0,00;;;
\PROVISIONES\ABARROTES;SKYFLAKES BISCUIT 800 GRS;PKT;$ 0;0,00;$ 870;1,55;0,00;;;
\PROVISIONES\ABARROTES;SNACK CHEEZELS 220 GRS;PKT;$ 0;0,00;$ 870;1,55;0,00;;;
\PROVISIONES\ABARROTES;SODA COOKIE - GALLETA SODA 180 GRS;GRS; $798 ;0,92;$ 870;1,55;1,42;;;
\PROVISIONES\ABARROTES;SOYA BEANS - POROTO DE SOYA;KGS;$ 0;0,00;$ 870;1,55;0,00;;;
\PROVISIONES\ABARROTES;SOY SAUCE - SALSA DE SOYA 591 CC;BTLL;$ 6.966;8,01;$ 870;1,55;12,41;;;
\PROVISIONES\ABARROTES;SOY SAUCE - SALSA DE SOYA TRAVERSO 1LT;BTL; $2.450 ;2,82;$ 870;1,55;4,36;;;
\PROVISIONES\ABARROTES;SOY SAUCE - SALSA DE SOYA TRAVERSO 500ML;BTL; $2.008 ;2,31;$ 870;1,55;3,58;;;
\PROVISIONES\ABARROTES;SOY SAUCE - SALSAS DE SOYA KIKKOMAN 591ML;BTL; $6.933 ;7,97;$ 870;1,55;12,35;;;
\PROVISIONES\ABARROTES;SOY SAUCE - SALSA DE SOYA 1LT;BTLL;$ 2.850;3,28;$ 870;1,55;5,08;;;
\PROVISIONES\ABARROTES;SOY LIGHT SAUCE- SALSA SOYA LIGHT 500ML;BTL;$ 2.849;3,27;$ 870;1,55;5,08;;;
\PROVISIONES\ABARROTES;SPAGUETTI SAUCE - SALSA 200 ML;UNID;$ 823;0,95;$ 870;1,55;1,47;;;
\PROVISIONES\ABARROTES;SLICED PINEAPPLES - PIÑAS EN RODAJAS 567GRS;TIN; $1.962 ;2,26;$ 870;1,55;3,50;;;
\PROVISIONES\ABARROTES;SLICED PINEAPPLES - PIÑAS EN RODAJAS 822GRS;TIN; $2.599 ;2,99;$ 870;1,55;4,63;;;
\PROVISIONES\ABARROTES;SPAGHETTI NOODLES - FIDEOS SPAGUETTI 400 GRS;PKT;$ 832;0,96;$ 870;1,55;1,48;;;
\PROVISIONES\ABARROTES;SPRING ROLL PASTRY DRY  - ARROLLADO PRIMAVERA 220 GRS;PKT ;$ 2.990;3,44;$ 870;1,55;5,33;;;
\PROVISIONES\ABARROTES;SPRING ROLL SKIN 220grs READY-ARROLLADO PRIMAVERA;PKT;$ 2.990;3,44;$ 870;1,55;5,33;;;
\PROVISIONES\ABARROTES;SQUIDS IN OIL - CALAMAR EN ACEITE 110 GRS;UNID;$ 2.890;3,32;$ 870;1,55;5,15;;;
\PROVISIONES\ABARROTES;STAR ANIS DRY - ESTRELLA DE ANIS 500GR;PKT;$ 10.252;11,78;$ 870;1,55;18,27;;;
\PROVISIONES\ABARROTES;STASH G.TEA 30 GR 18BS-TE STASH;PKT;$ 0;0,00;$ 870;1,55;0,00;;;
\PROVISIONES\ABARROTES;STOLLEN 1 KG;PCS;$ 0;0,00;$ 870;1,55;0,00;;;
\PROVISIONES\ABARROTES;STRAWBERRY JAM - MERMELADA DE FRUTILLA;UNID;$ 3.200;3,68;$ 870;1,55;5,70;;;
\PROVISIONES\ABARROTES;STUFFED CHOCOLAT - CHOCOLATES RELLENOS;BARRA;$ 1.293;1,49;$ 870;1,55;2,30;;;
\PROVISIONES\ABARROTES;SUBSTITUTE JUICE LEMON - JUGO DE SUCEDANEO LIMON 1LT;BTL; $1.504 ;1,73;$ 870;1,55;2,68;;;
\PROVISIONES\ABARROTES;SUBSTITUTE JUICE LEMON - JUGO DE SUCEDANEO LIMON 500ML;BTL; $790 ;0,91;$ 870;1,55;1,41;;;
\PROVISIONES\ABARROTES;SUGAR - AZUCAR;KILO;$ 970;1,11;$ 870;1,55;1,73;;;
\PROVISIONES\ABARROTES;SUGAR BROWN - AZUCAR RUBIA 500 GR;PKT;$ 1.176;1,35;$ 870;1,55;2,10;;;
\PROVISIONES\ABARROTES;SUGAR CUBER - AZUCAR CUBOS;KILO;$ 2.942;3,38;$ 870;1,55;5,24;;;
\PROVISIONES\ABARROTES;SUGAR FREE PLAIN BISCUIT - GALLETAS SIN AZUCAR 150 GRS;PAQUETE;$ 0;0,00;$ 870;1,55;0,00;;;
\PROVISIONES\ABARROTES;SUGAR ICING - AZUCAR FLOR;KILO;$ 2.017;2,32;$ 870;1,55;3,59;;;
\PROVISIONES\ABARROTES;SUGAR VANILLA - AZUCAR DE VAINILLA 80 GRS;PKT;$ 0;0,00;$ 870;1,55;0,00;;;
\PROVISIONES\ABARROTES;SUNFLOWER OIL - ACEITE MARAVILLA;LITRO;$ 1.600;1,84;$ 870;1,55;2,85;;;
\PROVISIONES\ABARROTES;SUNFLOWER OIL 5LTR - ACEITE MARAVILLA 5 LTR;BTL;$ 0;0,00;$ 870;1,55;0,00;;;
\PROVISIONES\ABARROTES;SUNFLOWER SEEDS - SEMILLA MARAVILLA;KILO;$ 4.100;4,71;$ 870;1,55;7,30;;;
\PROVISIONES\ABARROTES;SUSHI WRAPER 28 GR - ALGA NORI;unidad;$ 4.109;4,72;$ 870;1,55;7,32;;;
\PROVISIONES\ABARROTES;SWEET CANDYS ASSTD 430 GR - CARAMELOS ARBOLITOS SURTIDOS;PKT;$ 2.504;2,88;$ 870;1,55;4,46;;;
\PROVISIONES\ABARROTES;SWEETENER - ENDULZANTE STEVIA LIQUIDA 400 ML;BTL;$ 0;0,00;$ 870;1,55;0,00;;;
\PROVISIONES\ABARROTES;SWISS ROLLS ASSTD 300 GRS ;UNID;$ 2.428;2,79;$ 870;1,55;4,33;;;
\PROVISIONES\ABARROTES;SYRUP CHOCOLATE - SALSA CHOCOLATE 600 ML;BTL;$ 2.932;3,37;$ 870;1,55;5,22;;;
\PROVISIONES\ABARROTES;SYRUP HERSHEY 600 ML - HERSHEY;BTL;$ 5.453;6,27;$ 870;1,55;9,72;;;
\PROVISIONES\ABARROTES;SYRUP PAN CAKE 354 ML - SALSA PARA PANQUEQUE ;BTL;$ 3.490;4,01;$ 870;1,55;6,22;;;
\PROVISIONES\ABARROTES;SYRUP STRAWBERRY  - SALSA DE FRUTILLA 600 ML;UNID;$ 2.932;3,37;$ 870;1,55;5,22;;;
\PROVISIONES\ABARROTES;TACO SHEET - MASA DE TACO 1 X 8 UN;PACK;$ 0;0,00;$ 870;1,55;0,00;;;
\PROVISIONES\ABARROTES;TAHINI 400 GR - PASTA DE TAHINI;JAR;$ 8.319;9,56;$ 870;1,55;14,82;;;
\PROVISIONES\ABARROTES;TEA BAG 50 PCS - TE 50 BOLSAS;UNID;$ 2.437;2,80;$ 870;1,55;4,34;;;
\PROVISIONES\ABARROTES;TEA BAG GREEN - TE VERDE 20 ´S ;UNID;$ 1.429;1,64;$ 870;1,55;2,55;;;
\PROVISIONES\ABARROTES;TEA BAGS EARL GREY 20 `S ;UNID;$ 0;0,00;$ 870;1,55;0,00;;;
\PROVISIONES\ABARROTES;TEA BAGS PEPPERMINT - TE DE MENTA 20 `S ;PKT;$ 1.100;1,26;$ 870;1,55;1,96;;;
\PROVISIONES\ABARROTES;TEA BOLDO- TE BOLDO 20 ´S ;PACK;$ 1.100;1,26;$ 870;1,55;1,96;;;
\PROVISIONES\ABARROTES;TEA CAMOMILLE - TE DE MANZANILLA 20 ´S ;UNID;$ 1.100;1,26;$ 870;1,55;1,96;;;
\PROVISIONES\ABARROTES;TEA CEYLON - TE CEYLAN 500 GRS;PKT;$ 4.980;5,72;$ 870;1,55;8,87;;;
\PROVISIONES\ABARROTES;TEA CHAMOMILLE - TE MANZANILLA 20´S ;PKT;$ 1.100;1,26;$ 870;1,55;1,96;;;
\PROVISIONES\ABARROTES;TEA LIPTON YELLOW LABLE - TE LIPTON 100'S;BOX;$ 5.300;6,09;$ 870;1,55;9,44;;;
\PROVISIONES\ABARROTES;TEA MILDRED - TE MILDRED 100U;BOX; $2.460 ;2,83;$ 870;1,55;4,38;;;
\PROVISIONES\ABARROTES;TEA THE YELLOW LIPTON 20´S - TÈ;PKT;$ 2.436;2,80;$ 870;1,55;4,34;;;
\PROVISIONES\ABARROTES;TEA W / LEMON BAG GREEN 20 - TE C/ LIMON;PKT;$ 1.780;2,05;$ 870;1,55;3,17;;;
\PROVISIONES\ABARROTES;TEA FRUITS;PKT;$ 1.764;;;;;;;
\PROVISIONES\ABARROTES;TEA WILDBERRY 20 `S - TÈ;PKT;$ 2.504;2,88;$ 870;1,55;4,46;;;
\PROVISIONES\ABARROTES;THYME GROUND - TOMILLO;KGS;$ 19.496;22,41;$ 870;1,55;34,73;;;
\PROVISIONES\ABARROTES;THYME LEAVES 500 GR - TOMILLO;PKT;$ 9.748;11,20;$ 870;1,55;17,37;;;
\PROVISIONES\ABARROTES;TRIPLE CONCENTRATE - TRIPLE CONCENTRADO CAROZZI 1KG;; $2.600 ;2,99;$ 870;1,55;4,63;;;
\PROVISIONES\ABARROTES;TOMATO DRY 280 GRS - TOMATE DESHIDRATADO;JAR;$ 0;0,00;$ 870;1,55;0,00;;;
\PROVISIONES\ABARROTES;TOMATO PASTE 300 G - TRIPLE CONCENTRADO;TIN;$ 1.100;1,26;$ 870;1,55;1,96;;;
\PROVISIONES\ABARROTES;TOMATO  - TRIPLE CONCENTRADO 1 KG;PKT;$ 2.600;2,99;$ 870;1,55;4,63;;;
\PROVISIONES\ABARROTES;TOMATO SAUCE SACHET - SALSAS DE TOMATES SACHET 200GRS;PKT; $489 ;0,56;$ 870;1,55;0,87;;;
\PROVISIONES\ABARROTES;TOMATO PUREE 500 GR - TOMATE PURE;BTL;$ 1.176;1,35;$ 870;1,55;2,10;;;
\PROVISIONES\ABARROTES;TOPPING CARAMEL 600 ML - SALSA CARAMELO;BTLL;$ 2.932;3,37;$ 870;1,55;5,22;;;
\PROVISIONES\ABARROTES;TORTELLINI WITH CHEESE 400 GRS - TORTELLINI CON QUESO ;KGS;$ 0;0,00;$ 870;1,55;0,00;;;
\PROVISIONES\ABARROTES;TUNA IN OIL 170 GRS - ATUN EN ACEITE 170 GR;TIN;$ 1.290;1,48;$ 870;1,55;2,30;;;
\PROVISIONES\ABARROTES;TUNA IN OIL 340 GRS - ATUN EN ACEITE 340 GR;TIN;$ 3.344;3,84;$ 870;1,55;5,96;;;
\PROVISIONES\ABARROTES;TUNA IN WATER 160 GRS - ATUN EN AGUA 170 GR;TIN;$ 1.290;1,48;$ 870;1,55;2,30;;;
\PROVISIONES\ABARROTES;TUNA IN WATER 340 GRS - ATUN EN AGUA 340 GR;TIN;$ 3.344;3,84;$ 870;1,55;5,96;;;
\PROVISIONES\ABARROTES;TUTTY FRUITY  - FRUTA CONFITADA;KGS;$ 5.462;6,28;$ 870;1,55;9,73;;;
\PROVISIONES\ABARROTES;TWININGS GREEN TEA BAGS X 10`S - TE VERDE;PKT;$ 2.521;2,90;$ 870;1,55;4,49;;;
\PROVISIONES\ABARROTES;TWININGS TEA BAGS X 10`S;PKT;$ 2.521;2,90;$ 870;1,55;4,49;;;
\PROVISIONES\ABARROTES;VANILLA CAKE - TORTA LISTA VAINILLA 500GRS;; $2.625 ;3,02;$ 870;1,55;4,68;;;
\PROVISIONES\ABARROTES;VANILLA ESSENCE - ESENCIA DE VAINILLA 100CC;BTL; $960 ;1,10;$ 870;1,55;1,71;;;
\PROVISIONES\ABARROTES;VANILLA ESSENCE - ESENCIA DE VAINILLA 500 CC;BTL; $2.450 ;2,82;$ 870;1,55;4,36;;;
\PROVISIONES\ABARROTES;VANILLA SUGAR -AZUCAR VAINILLA 80GRS;PKT;$ 0;0,00;$ 870;1,55;0,00;;;
\PROVISIONES\ABARROTES;VEAL PATE -PATE DE TERNERA 100GRS/TIN;PKT; $1.252 ;1,44;$ 870;1,55;2,23;;;
\PROVISIONES\ABARROTES;VINAGRE;LITRO;$ 1.890;2,17;$ 870;1,55;3,37;;;
\PROVISIONES\ABARROTES;VINAGRE BLANCO 500 ML;BTL;$ 1.176;1,35;$ 870;1,55;2,10;;;
\PROVISIONES\ABARROTES;VINEGAR APPLE - VINAGRE DE MANZANA 500 ML;BTLL;$ 2.017;2,32;$ 870;1,55;3,59;;;
\PROVISIONES\ABARROTES;VINEGAR RED 500 ML - VINAGRE TINTO 500 ML;BTLL;$ 1.176;1,35;$ 870;1,55;2,10;;;
\PROVISIONES\ABARROTES;VINEGAR RED 1LT;BTLL;$ 1.781;2,05;$ 870;1,55;3,17;;;
\PROVISIONES\ABARROTES;VINEGAR WHITE - VINAGRE BLANCO ;LITRO;$ 1.781;2,05;$ 870;1,55;3,17;;;
\PROVISIONES\ABARROTES;VINEGAR WHITE - VINAGRE BLANCO 500CC;BTLL;$ 890;1,02;$ 870;1,55;1,59;;;
\PROVISIONES\ABARROTES;VIZZIO COSTA CHOCOLATE;UNID;$ 0;0,00;$ 870;1,55;0,00;;;
\PROVISIONES\ABARROTES;WAFER ASSORTED - SURTIDO DE OBLEAS;PKT;$ 1.260;1,45;$ 870;1,55;2,24;;;
\PROVISIONES\ABARROTES;WAFER CHOCOLATE COOKIE - GALLETAS OBLEA CHOCOLATE;GRS; $1.380 ;1,59;$ 870;1,55;2,46;;;
\PROVISIONES\ABARROTES;WAFFLES 350 GRS;PKT;$ 3.865;4,44;$ 870;1,55;6,89;;;
\PROVISIONES\ABARROTES;WALNUT - NUEZ;KILO;$ 10.800;12,41;$ 870;1,55;19,24;;;
\PROVISIONES\ABARROTES;WALNUTS 100 GR;PKT;$ 1.080;1,24;$ 870;1,55;1,92;;;
\PROVISIONES\ABARROTES;WASABI SAUCE - SALSA WASABI 50 GRS;BTL;$ 0;0,00;$ 870;1,55;0,00;;;
\PROVISIONES\ABARROTES;WASABI SAUCE - SALSA WASABI 262GRS;BTL; $6.850 ;7,87;$ 870;1,55;12,20;;;
\PROVISIONES\ABARROTES;WEETABIX LOCAL  200 GRS - CEREAL EN BARRA;PKT;$ 4.184;4,81;$ 870;1,55;7,45;;;
\PROVISIONES\ABARROTES;WINE COOKIE - GALLETA VINO 160 GRS;GRS; $747 ;0,86;$ 870;1,55;1,33;;;
\PROVISIONES\ABARROTES;WONDER COOKIE - GALLETA MARAVILLA 120 GRS;GRS; $740 ;0,85;$ 870;1,55;1,32;;;
\PROVISIONES\ABARROTES;WORCHESTER SAUCE ;BTL;$ 3.355;3,86;$ 870;1,55;5,98;;;
\PROVISIONES\ABARROTES;WHEAT CEREAL 350 GRS - CEREAL INTEGRAL;PKT;$ 0;0,00;$ 870;1,55;0,00;;;
\PROVISIONES\ABARROTES;YEAST FRESH -LEVADURA FRESCA KG;KGS;$ 4.285;4,93;$ 870;1,55;7,63;;;
\PROVISIONES\ABARROTES;YELLOW CHILI PASTE - AJI AMARILLO EN PASTA 205 GRS;BTL;$ 0;0,00;$ 870;1,55;0,00;;;
\PROVISIONES\ABARROTES;YOUNG CORN - CHOCLO COCTAIL;CAN;$ 0;0,00;$ 870;1,55;0,00;;;
\PROVISIONES\ABARROTES;ZUKO POWDER JUICE ASSTD  - JUGO ZUKO X 25 GRS;UNID;$ 252;0,29;$ 870;1,55;0,45;;;
\PROVISIONES\BEBESTIBLES;ROSE WATER - AGUA ROSA 300 ML;BTL;$ 4.117;4,73;$ 870;1,55;7,33;;;
\PROVISIONES\BEBESTIBLES;SOYA MILK - LECHE DE SOYA;LTS;$ 2.450;2,82;$ 870;1,55;4,36;;;
\PROVISIONES\CONGELADOS;ANCHOVY FILLET - ANCHOAS 190GRS/BTL ;tin;$ 4.193;4,82;$ 870;1,55;7,47;;;
\PROVISIONES\FRUTAS Y VERDURAS;CEBOLLA PERLA 200;BAG;$ 1.403;1,61;$ 870;1,55;2,50;;;