;;;;;$ 920;1,50;
;;;;;;;
FAMILIA PRODUCTOS;DESCRIPCIÓN;UNIDAD DE MEDIDA;COSTO NETO PESOS;PRECIO COSTO NETO ;VALOR DÓLAR $;PORCENTAJE;PRECIO VENTA NETO 
\PROVISIONES\CONGELADOS;ARTICHOQUE FZ - ALCACHOFA CONGELADA;KGS;$ 11.534;12,54;$ 920;1,50;18,81
\PROVISIONES\CONGELADOS;CARROTS DICED FZ - ZANAHORIA CONG;KGS;$ 1.800;1,96;$ 920;1,50;2,93
\PROVISIONES\CONGELADOS;BACON SLICED FROZEN KG  - TOCINO LAMINADO CONGELADO KG;KGS;$ 7.980;8,67;$ 920;1,50;13,01
\PROVISIONES\CONGELADOS;BAGUETTE FZ   270 GRS;UNID;$ 798;0,87;$ 920;1,50;1,30
\PROVISIONES\CONGELADOS;BREAD LOAF WHITE FZ - MOLDE CONGELADO 560 GRS;UNID;$ 2.290;2,49;$ 920;1,50;3,73
\PROVISIONES\CONGELADOS;BREAD ROLLS FZ - MARRAQUETA CONGELADA;UNID;$ 320;0,35;$ 920;1,50;0,52
\PROVISIONES\CONGELADOS;BROCCOLI FZ - BROCOLI CONGELADO;KGS;$ 2.500;2,72;$ 920;1,50;4,08
\PROVISIONES\CONGELADOS;BROWN BREAD 560GR - MOLDE INTEGRAL;UNID;$ 2.290;2,49;$ 920;1,50;3,73
\PROVISIONES\CONGELADOS;BUTTER SALTED FZ - MANTEQUILLA CON SAL  CONGELADA 250 GRS;PKT;$ 1.998;2,17;$ 920;1,50;3,26
\PROVISIONES\CONGELADOS;BUTTER UNSALTED 250 GRM - MANTEQUILLA SIN SAL CONGELADA ;PKT;$ 1.848;2,01;$ 920;1,50;3,01
\PROVISIONES\CONGELADOS;CARROT CUBES -ZANAHORIA CUBO FZ;KGS;$ 1.800;1,96;$ 920;1,50;2,93
\PROVISIONES\CONGELADOS;CAULIFLOWER FZ - COLIFLOR CONGELADO;KGS;$ 2.000;2,17;$ 920;1,50;3,26
\PROVISIONES\CONGELADOS;CHOCO NUSS ICE CREAM - HELADO 900 GRS;CUP;$ 5.201;5,65;$ 920;1,50;8,48
\PROVISIONES\CONGELADOS;CORN KERNEK FZ - CHOCLO EN GRANO CONGELADO;KGS;$ 2.200;2,39;$ 920;1,50;3,59
\PROVISIONES\CONGELADOS;CORN ON THE COB FZ - CHOCLO CORONTA;KGS;$ 3.000;3,26;$ 920;1,50;4,89
\PROVISIONES\CONGELADOS;DOUGH NUTS FZ ASSTD - DONUTS ;UNID;$ 1.200;1,30;$ 920;1,50;1,96
\PROVISIONES\CONGELADOS;FRENCH BEANS FZ - POROTO VERDE CONGELADO;KGS;$ 2.000;2,17;$ 920;1,50;3,26
\PROVISIONES\CONGELADOS;FRIED AROS-AROS DE CEBOLLA 500GR;PKT;$ 2.800;3,04;$ 920;1,50;4,57
\PROVISIONES\CONGELADOS;FZ BROAD BEANS - HABAS CONGELADAS;KGS;$ 5.210;5,66;$ 920;1,50;8,49
\PROVISIONES\CONGELADOS;FZ BUTTER CROISSANTS ;UNID;$ 250;0,27;$ 920;1,50;0,41
\PROVISIONES\CONGELADOS;FZ CHEESE CAKE ;UNID;$ 14.622;15,89;$ 920;1,50;23,84
\PROVISIONES\CONGELADOS;FZ FRENCH FRITES KG;KGS;$ 1.900;2,07;$ 920;1,50;3,10
\PROVISIONES\CONGELADOS;FZ GREEN BEANS - POROTO VERDE CONGELADO;KGS;$ 2.000;2,17;$ 920;1,50;3,26
\PROVISIONES\CONGELADOS;FZ GREEN PEAS  KG - ARVEJAS CONGELAD;KGS;$ 2.000;2,17;$ 920;1,50;3,26
\PROVISIONES\CONGELADOS;FZ GYOSAS VEGETABLES - GYOSAS VEGETALES 30 UNID;PKT;$ 0;0,00;$ 920;1,50;0,00
\PROVISIONES\CONGELADOS;FZ MIX VEGETABLES - JARDINERA VEGETALES;KGS;$ 1.800;1,96;$ 920;1,50;2,93
\PROVISIONES\CONGELADOS;FZ PIZZA READY 600 GRS GR - PIZZA;UNID;$ 5.453;5,93;$ 920;1,50;8,89
\PROVISIONES\CONGELADOS;FZ POTATO WEDGES  - PAPAS GAJOS CONGELADAS;KGS;$ 6.723;7,31;$ 920;1,50;10,96
\PROVISIONES\CONGELADOS;FZ POTATO - PAPAS CONGELADAS;KGS;$ 1.900;;;;
\PROVISIONES\CONGELADOS;FZ SPINAC - ESPINACA CONGELADA;KGS;$ 2.800;3,04;$ 920;1,50;4,57
\PROVISIONES\CONGELADOS;FZ THAI WOK 500 GRS;PKT;$ 0;0,00;$ 920;1,50;0,00
\PROVISIONES\CONGELADOS;ICE CREAM CHOCOLATE;LT;$ 2.000;;;;
\PROVISIONES\CONGELADOS;ICE CREAM VANILLA - VAINILLA;LT;$ 2.000;;;;
\PROVISIONES\CONGELADOS;ICE CREAM STRAWBERRY - FRUTILLA;LT;$ 2.000;;;;
\PROVISIONES\CONGELADOS;ICE CREAM THREE FLAVOUR - TRISABOR;LT;$ 2.000;;;;
\PROVISIONES\CONGELADOS;ICE CREAM STRAWBERRY&BANANA- FRUTILLA Y PLATANO;LT;$ 2.000;;;;
\PROVISIONES\CONGELADOS;ICRE CREAM PISTACHO ;LT;$ 2.000;;;;
\PROVISIONES\CONGELADOS;ICE CREAM - CHOCOLITO;UNID;$ 1.200;1,30;$ 920;1,50;1,96
\PROVISIONES\CONGELADOS;ICE CREAM ASSTD - HELADO;LTS;$ 2.000;2,17;$ 920;1,50;3,26
\PROVISIONES\CONGELADOS;ICE CREAM ASSTD CUP 100 GRS;CUP;$ 1.000;1,09;$ 920;1,50;1,63
\PROVISIONES\CONGELADOS;ICE CREAM BANANAS  SPLIT- HELADO BANANA SPLIT;LTS;$ 3.026;3,29;$ 920;1,50;4,93
\PROVISIONES\CONGELADOS;ICE CREAM BLACKBERRIE - HELADO MORA CREMA SAVORY;LTS ;$ 3.690;4,01;$ 920;1,50;6,02
\PROVISIONES\CONGELADOS;ICE CREAM BUTTER PERCAN;LTS;$ 0;0,00;$ 920;1,50;0,00
\PROVISIONES\CONGELADOS;ICE CREAM CONE - HELADO CONO;UNID;$ 1.250;1,36;$ 920;1,50;2,04
\PROVISIONES\CONGELADOS;ICE CREAM COOKIES & CREAM - HELADO;LTS;$ 5.873;6,38;$ 920;1,50;9,58
\PROVISIONES\CONGELADOS;ICE CREAM FUDGE TRIPPLE X LITRO;LTS;$ 0;0,00;$ 920;1,50;0,00
\PROVISIONES\CONGELADOS;ICE CREAM HAGEN DAZZ 415 ML;CUP;$ 0;0,00;$ 920;1,50;0,00
\PROVISIONES\CONGELADOS;ICE CREAM MAGNUM  - HELADO MAGNUM;UNID;$ 1.850;2,01;$ 920;1,50;3,02
\PROVISIONES\CONGELADOS;ICE CREAM MANGO - HELADO MANGO;LTS;$ 2.000;2,17;$ 920;1,50;3,26
\PROVISIONES\CONGELADOS;ICE CREAM PISTACCIO SAN FRANCISCO 1 LT;LTS;$ 2.000;2,17;$ 920;1,50;3,26
\PROVISIONES\CONGELADOS;ICE CREAM ROCKY ROAD;LTS;$ 4.196;4,56;$ 920;1,50;6,84
\PROVISIONES\CONGELADOS;ICE CREAM RUM AND RAISING - HELADO PASAS AL RON;LTS;$ 2.000;2,17;$ 920;1,50;3,26
\PROVISIONES\CONGELADOS;ICE CREAM SNICKERS - HELADO SNICKERS;UNID;$ 0;0,00;$ 920;1,50;0,00
\PROVISIONES\CONGELADOS;ICE CREAM STICK - HELADO STICK;UNID;$ 1.100;1,20;$ 920;1,50;1,79
\PROVISIONES\CONGELADOS;ICE CREAM TURKETY HILL  LT  COFFEE;LTS;$ 0;0,00;$ 920;1,50;0,00
\PROVISIONES\CONGELADOS;ICE CREAM TWIX - HELADO;UNID;$ 0;0,00;$ 920;1,50;0,00
\PROVISIONES\CONGELADOS;MUFFIN CHOCOLATE FZ PCS;UNID;$ 1.200;1,30;$ 920;1,50;1,96
\PROVISIONES\CONGELADOS;POTATO CROQUETES FZ;KGS;$ 6.303;6,85;$ 920;1,50;10,28
\PROVISIONES\CONGELADOS;SPRING ROLL - ARROLLADO PRIMAVERA PCS;UNID;$ 500;0,54;$ 920;1,50;0,82
\PROVISIONES\CONGELADOS;TORTA CHOCOLATE FZ;UNID;$ 22.800;24,78;$ 920;1,50;37,17
\PROVISIONES\CONGELADOS;TURKEY HILL BLACK CHERRY ICE CREAM - HELADO;LTS;$ 0;0,00;$ 920;1,50;0,00
\PROVISIONES\CONGELADOS;VIENETTA ICE CREAM - HELADO;LTS;$ 4.075;4,43;$ 920;1,50;6,64
;;;;;;;
;;;;;;;
;;;;;;;
;;;;;;;
;;;;;;;
;;;;;;;
;;;;;;;
;;;;;;;
;;;;;;;
;;;;;;;
;;;;;;;
;;;;;;;
;;;;;;;
;;;;;;;
;;;;;;;
;;;;;;;
;;;;;;;
;;;;;;;
;;;;;;;
;;;;;;;
;;;;;;;
;;;;;;;
;;;;;;;
;;;;;;;
;;;;;;;
;;;;;;;
;;;;;;;
;;;;;;;
;;;;;;;
;;;;;;;
;;;;;;;
;;;;;;;
;;;;;;;
;;;;;;;
;;;;;;;
;;;;;;;
;;;;;;;
;;;;;;;
;;;;;;;
;;;;;;;
;;;;;;;
;;;;;;;
;;;;;;;
;;;;;;;
;;;;;;;
;;;;;;;
;;;;;;;
;;;;;;;
;;;;;;;
;;;;;;;
;;;;;;;
;;;;;;;
;;;;;;;
;;;;;;;
;;;;;;;
;;;;;;;
;;;;;;;
;;;;;;;
;;;;;;;
;;;;;;;
;;;;;;;
;;;;;;;
;;;;;;;
;;;;;;;
;;;;;;;
;;;;;;;
;;;;;;;
;;;;;;;
;;;;;;;
;;;;;;;
;;;;;;;
;;;;;;;
;;;;;;;
;;;;;;;
;;;;;;;
;;;;;;;
;;;;;;;
;;;;;;;
;;;;;;;
;;;;;;;
;;;;;;;
;;;;;;;
;;;;;;;
;;;;;;;
;;;;;;;
;;;;;;;
;;;;;;;
;;;;;;;
;;;;;;;
;;;;;;;
;;;;;;;
;;;;;;;
;;;;;;;
;;;;;;;
;;;;;;;
;;;;;;;
;;;;;;;
;;;;;;;
;;;;;;;
;;;;;;;
;;;;;;;
;;;;;;;
;;;;;;;
;;;;;;;
;;;;;;;
;;;;;;;
;;;;;;;
;;;;;;;
;;;;;;;
;;;;;;;
;;;;;;;
;;;;;;;
;;;;;;;
;;;;;;;
;;;;;;;
;;;;;;;
;;;;;;;
;;;;;;;
;;;;;;;
;;;;;;;
;;;;;;;
;;;;;;;
;;;;;;;
;;;;;;;
;;;;;;;
;;;;;;;
;;;;;;;
;;;;;;;
;;;;;;;
;;;;;;;
;;;;;;;
;;;;;;;
;;;;;;;
;;;;;;;
;;;;;;;
;;;;;;;
;;;;;;;
;;;;;;;
;;;;;;;
;;;;;;;
;;;;;;;
;;;;;;;
;;;;;;;
;;;;;;;
;;;;;;;
;;;;;;;
;;;;;;;
;;;;;;;
;;;;;;;
;;;;;;;
;;;;;;;
;;;;;;;
;;;;;;;
;;;;;;;
;;;;;;;
;;;;;;;
;;;;;;;
;;;;;;;
;;;;;;;
;;;;;;;
;;;;;;;
;;;;;;;
;;;;;;;
;;;;;;;
;;;;;;;
;;;;;;;
;;;;;;;
;;;;;;;
;;;;;;;
;;;;;;;
;;;;;;;
;;;;;;;
;;;;;;;
;;;;;;;
;;;;;;;
;;;;;;;
;;;;;;;
;;;;;;;
;;;;;;;
;;;;;;;
;;;;;;;
;;;;;;;
;;;;;;;
;;;;;;;
;;;;;;;
;;;;;;;
;;;;;;;
;;;;;;;
;;;;;;;
;;;;;;;
;;;;;;;
;;;;;;;
;;;;;;;
;;;;;;;
;;;;;;;
;;;;;;;
;;;;;;;
;;;;;;;
;;;;;;;
;;;;;;;
;;;;;;;
;;;;;;;
;;;;;;;
;;;;;;;
;;;;;;;
;;;;;;;
;;;;;;;
;;;;;;;
;;;;;;;
;;;;;;;
;;;;;;;
;;;;;;;
;;;;;;;
;;;;;;;
;;;;;;;
;;;;;;;
;;;;;;;
;;;;;;;
;;;;;;;
;;;;;;;
;;;;;;;
;;;;;;;
;;;;;;;
;;;;;;;
;;;;;;;
;;;;;;;
;;;;;;;
;;;;;;;
;;;;;;;
;;;;;;;
;;;;;;;
;;;;;;;
;;;;;;;
;;;;;;;
;;;;;;;
;;;;;;;
;;;;;;;
;;;;;;;
;;;;;;;
;;;;;;;
;;;;;;;
;;;;;;;
;;;;;;;
;;;;;;;
;;;;;;;
;;;;;;;
;;;;;;;
;;;;;;;
;;;;;;;
;;;;;;;
;;;;;;;
;;;;;;;
;;;;;;;
;;;;;;;
;;;;;;;
;;;;;;;
;;;;;;;
;;;;;;;
;;;;;;;
;;;;;;;
;;;;;;;
;;;;;;;
;;;;;;;
;;;;;;;
;;;;;;;
;;;;;;;
;;;;;;;
;;;;;;;
;;;;;;;
;;;;;;;
;;;;;;;
;;;;;;;
;;;;;;;
;;;;;;;
;;;;;;;
;;;;;;;
;;;;;;;
;;;;;;;
;;;;;;;
;;;;;;;
;;;;;;;
;;;;;;;
;;;;;;;
;;;;;;;
;;;;;;;
;;;;;;;
;;;;;;;
;;;;;;;
;;;;;;;
;;;;;;;
;;;;;;;
;;;;;;;
;;;;;;;
;;;;;;;
;;;;;;;
;;;;;;;
;;;;;;;
;;;;;;;
;;;;;;;
;;;;;;;
;;;;;;;
;;;;;;;
;;;;;;;
;;;;;;;
;;;;;;;
;;;;;;;
;;;;;;;
;;;;;;;
;;;;;;;
;;;;;;;
;;;;;;;
;;;;;;;
;;;;;;;
;;;;;;;
;;;;;;;
;;;;;;;
;;;;;;;
;;;;;;;
;;;;;;;
;;;;;;;
;;;;;;;
;;;;;;;
;;;;;;;
;;;;;;;
;;;;;;;
;;;;;;;
;;;;;;;
;;;;;;;
;;;;;;;
;;;;;;;
;;;;;;;
;;;;;;;
;;;;;;;
;;;;;;;
;;;;;;;
;;;;;;;
;;;;;;;
;;;;;;;
;;;;;;;
;;;;;;;
;;;;;;;
;;;;;;;
;;;;;;;
;;;;;;;
;;;;;;;
;;;;;;;
;;;;;;;
;;;;;;;
;;;;;;;
;;;;;;;
;;;;;;;
;;;;;;;
;;;;;;;
;;;;;;;
;;;;;;;
;;;;;;;
;;;;;;;
;;;;;;;
;;;;;;;
;;;;;;;
;;;;;;;
;;;;;;;
;;;;;;;
;;;;;;;
;;;;;;;
;;;;;;;
;;;;;;;
;;;;;;;
;;;;;;;
;;;;;;;
;;;;;;;
;;;;;;;
;;;;;;;
;;;;;;;
;;;;;;;
;;;;;;;
;;;;;;;
;;;;;;;
;;;;;;;
;;;;;;;
;;;;;;;
;;;;;;;
;;;;;;;
;;;;;;;
;;;;;;;
;;;;;;;
;;;;;;;
;;;;;;;
;;;;;;;
;;;;;;;
;;;;;;;
;;;;;;;
;;;;;;;
;;;;;;;
;;;;;;;
;;;;;;;
;;;;;;;
;;;;;;;
;;;;;;;
;;;;;;;
;;;;;;;
;;;;;;;
;;;;;;;
;;;;;;;
;;;;;;;
;;;;;;;
;;;;;;;
;;;;;;;
;;;;;;;
;;;;;;;
;;;;;;;
;;;;;;;
;;;;;;;
;;;;;;;
;;;;;;;
;;;;;;;
;;;;;;;
;;;;;;;
;;;;;;;
;;;;;;;
;;;;;;;
;;;;;;;
;;;;;;;
;;;;;;;
;;;;;;;
;;;;;;;
;;;;;;;
;;;;;;;
;;;;;;;
;;;;;;;
;;;;;;;
;;;;;;;
;;;;;;;
;;;;;;;
;;;;;;;
;;;;;;;
;;;;;;;
;;;;;;;
;;;;;;;
;;;;;;;
;;;;;;;
;;;;;;;
;;;;;;;
;;;;;;;
;;;;;;;
;;;;;;;
;;;;;;;
;;;;;;;
;;;;;;;
;;;;;;;
;;;;;;;
;;;;;;;
;;;;;;;
;;;;;;;
;;;;;;;
;;;;;;;
;;;;;;;
;;;;;;;
;;;;;;;
;;;;;;;
;;;;;;;
;;;;;;;
;;;;;;;
;;;;;;;
;;;;;;;
;;;;;;;
;;;;;;;
;;;;;;;
;;;;;;;
;;;;;;;
;;;;;;;
;;;;;;;
;;;;;;;
;;;;;;;
;;;;;;;
;;;;;;;
;;;;;;;
;;;;;;;
;;;;;;;
;;;;;;;
;;;;;;;
;;;;;;;
;;;;;;;
;;;;;;;
;;;;;;;
;;;;;;;
;;;;;;;
;;;;;;;
;;;;;;;
;;;;;;;
;;;;;;;
;;;;;;;
;;;;;;;
;;;;;;;
;;;;;;;
;;;;;;;
;;;;;;;
;;;;;;;
;;;;;;;
;;;;;;;
;;;;;;;
;;;;;;;
;;;;;;;
;;;;;;;
;;;;;;;
;;;;;;;
;;;;;;;
;;;;;;;
;;;;;;;
;;;;;;;
;;;;;;;
;;;;;;;
;;;;;;;
;;;;;;;
;;;;;;;
;;;;;;;
;;;;;;;
;;;;;;;
;;;;;;;
;;;;;;;
;;;;;;;
;;;;;;;
;;;;;;;
;;;;;;;
;;;;;;;
;;;;;;;
;;;;;;;
;;;;;;;
;;;;;;;
;;;;;;;
;;;;;;;
;;;;;;;
;;;;;;;
;;;;;;;
;;;;;;;
;;;;;;;
;;;;;;;
;;;;;;;
;;;;;;;
;;;;;;;
;;;;;;;
;;;;;;;
;;;;;;;
;;;;;;;
;;;;;;;
;;;;;;;
;;;;;;;
;;;;;;;
;;;;;;;
;;;;;;;
;;;;;;;
;;;;;;;
;;;;;;;
;;;;;;;
;;;;;;;
;;;;;;;
;;;;;;;
;;;;;;;
;;;;;;;
;;;;;;;
;;;;;;;
;;;;;;;
;;;;;;;
;;;;;;;
;;;;;;;
;;;;;;;
;;;;;;;
;;;;;;;
;;;;;;;
;;;;;;;
;;;;;;;
;;;;;;;
;;;;;;;
;;;;;;;
;;;;;;;
;;;;;;;
;;;;;;;
;;;;;;;
;;;;;;;
;;;;;;;
;;;;;;;
;;;;;;;
;;;;;;;
;;;;;;;
;;;;;;;
;;;;;;;
;;;;;;;
;;;;;;;
;;;;;;;
;;;;;;;
;;;;;;;
;;;;;;;
;;;;;;;
;;;;;;;
;;;;;;;
;;;;;;;
;;;;;;;
;;;;;;;
;;;;;;;
;;;;;;;
;;;;;;;
;;;;;;;
;;;;;;;
;;;;;;;
;;;;;;;
;;;;;;;
;;;;;;;
;;;;;;;
;;;;;;;
;;;;;;;
;;;;;;;
;;;;;;;
;;;;;;;
;;;;;;;
;;;;;;;
;;;;;;;
;;;;;;;
;;;;;;;
;;;;;;;
;;;;;;;
;;;;;;;
;;;;;;;
;;;;;;;
;;;;;;;
;;;;;;;
;;;;;;;
;;;;;;;
;;;;;;;
;;;;;;;
;;;;;;;
;;;;;;;
;;;;;;;
;;;;;;;
;;;;;;;
;;;;;;;
;;;;;;;
;;;;;;;
;;;;;;;
;;;;;;;
;;;;;;;
;;;;;;;
;;;;;;;
;;;;;;;
;;;;;;;
;;;;;;;
;;;;;;;
;;;;;;;
;;;;;;;
;;;;;;;
;;;;;;;
;;;;;;;
;;;;;;;
;;;;;;;
;;;;;;;
;;;;;;;
;;;;;;;
;;;;;;;
;;;;;;;
;;;;;;;
;;;;;;;
;;;;;;;
;;;;;;;
;;;;;;;
;;;;;;;
;;;;;;;
;;;;;;;
;;;;;;;
;;;;;;;
;;;;;;;
;;;;;;;
;;;;;;;
;;;;;;;
;;;;;;;
;;;;;;;
;;;;;;;
;;;;;;;
;;;;;;;
;;;;;;;
;;;;;;;
;;;;;;;
;;;;;;;
;;;;;;;
;;;;;;;
;;;;;;;
;;;;;;;
;;;;;;;
;;;;;;;
;;;;;;;
;;;;;;;
;;;;;;;
;;;;;;;
;;;;;;;
;;;;;;;
;;;;;;;
;;;;;;;
;;;;;;;
;;;;;;;
;;;;;;;
;;;;;;;
;;;;;;;
;;;;;;;
;;;;;;;
;;;;;;;
;;;;;;;
;;;;;;;
;;;;;;;
;;;;;;;
;;;;;;;
;;;;;;;
;;;;;;;
;;;;;;;
;;;;;;;
;;;;;;;
;;;;;;;
;;;;;;;
;;;;;;;
;;;;;;;
;;;;;;;
;;;;;;;
;;;;;;;
;;;;;;;
;;;;;;;
;;;;;;;
;;;;;;;
;;;;;;;
;;;;;;;
;;;;;;;
;;;;;;;
;;;;;;;
;;;;;;;
;;;;;;;
;;;;;;;
;;;;;;;
;;;;;;;
;;;;;;;
;;;;;;;
;;;;;;;
;;;;;;;
;;;;;;;
;;;;;;;
;;;;;;;
;;;;;;;
;;;;;;;
;;;;;;;
;;;;;;;