;;;;;$ 920;1,55;
;;;;;;;
FAMILIA PRODUCTOS;DESCRIPCIÓN;UNIDAD DE MEDIDA;COSTO NETO PESOS;PRECIO COSTO NETO ;VALOR DÓLAR $;PORCENTAJE;PRECIO VENTA NETO 
\PROVISIONES\CONGELADOS;ARTICHOQUE FZ - ALCACHOFA CONGELADA;KGS;$ 11.534;12,54;$ 920;1,55;19,43
\PROVISIONES\CONGELADOS;ASPARAGUS FZ - ESPARRAGOS CONGELADOS;KGS;$ 9.820;10,67;$ 920;0,00;0,00
\PROVISIONES\CONGELADOS;CARROTS DICED FZ - ZANAHORIA CONG;KGS;$ 1.800;1,96;$ 920;1,55;3,03
\PROVISIONES\CONGELADOS;BACON SLICED FROZEN KG  - TOCINO LAMINADO CONGELADO KG;KGS;$ 7.980;8,67;$ 920;1,55;13,44
\PROVISIONES\CONGELADOS;BAGUETTE FZ   270 GRS;UNID;$ 798;0,87;$ 920;1,55;1,34
\PROVISIONES\CONGELADOS;BREAD LOAF WHITE FZ - MOLDE CONGELADO 560 GRS;UNID;$ 2.290;2,49;$ 920;1,55;3,86
\PROVISIONES\CONGELADOS;BREAD ROLLS FZ - MARRAQUETA CONGELADA;UNID;$ 320;0,35;$ 920;1,55;0,54
\PROVISIONES\CONGELADOS;BROCCOLI FZ - BROCOLI CONGELADO;KGS;$ 2.500;2,72;$ 920;1,55;4,21
\PROVISIONES\CONGELADOS;BROWN BREAD 560GR - MOLDE INTEGRAL;UNID;$ 2.290;2,49;$ 920;1,55;3,86
\PROVISIONES\CONGELADOS;BUTTER SALTED FZ - MANTEQUILLA CON SAL  CONGELADA 250 GRS;PKT;$ 1.998;2,17;$ 920;1,55;3,37
\PROVISIONES\CONGELADOS;BUTTER UNSALTED 250 GRM - MANTEQUILLA SIN SAL CONGELADA ;PKT;$ 1.848;2,01;$ 920;1,55;3,11
\PROVISIONES\CONGELADOS;CARROT CUBES -ZANAHORIA CUBO FZ;KGS;$ 1.800;1,96;$ 920;1,55;3,03
\PROVISIONES\CONGELADOS;CAULIFLOWER FZ - COLIFLOR CONGELADO;KGS;$ 2.000;2,17;$ 920;1,55;3,37
\PROVISIONES\CONGELADOS;CHOCO NUSS ICE CREAM - HELADO 900 GRS;CUP;$ 5.201;5,65;$ 920;1,55;8,76
\PROVISIONES\CONGELADOS;CORN KERNEK FZ - CHOCLO EN GRANO CONGELADO;KGS;$ 2.200;2,39;$ 920;1,55;3,71
\PROVISIONES\CONGELADOS;CORN ON THE COB FZ - CHOCLO CORONTA;KGS;$ 3.000;3,26;$ 920;1,55;5,05
\PROVISIONES\CONGELADOS;DOUGH NUTS FZ ASSTD - DONUTS ;UNID;$ 1.200;1,30;$ 920;1,55;2,02
\PROVISIONES\CONGELADOS;FRENCH BEANS FZ - POROTO VERDE CONGELADO;KGS;$ 2.000;2,17;$ 920;1,55;3,37
\PROVISIONES\CONGELADOS;FRIED AROS-AROS DE CEBOLLA 500GR;PKT;$ 2.800;3,04;$ 920;1,55;4,72
\PROVISIONES\CONGELADOS;FZ BROAD BEANS - HABAS CONGELADAS;KGS;$ 5.210;5,66;$ 920;1,55;8,78
\PROVISIONES\CONGELADOS;FZ BUTTER CROISSANTS ;UNID;$ 250;0,27;$ 920;1,55;0,42
\PROVISIONES\CONGELADOS;FZ CHEESE CAKE ;UNID;$ 14.622;15,89;$ 920;1,55;24,63
\PROVISIONES\CONGELADOS;FZ FRENCH FRITES KG;KGS;$ 1.900;2,07;$ 920;1,55;3,20
\PROVISIONES\CONGELADOS;FZ GREEN BEANS - POROTO VERDE CONGELADO;KGS;$ 2.000;2,17;$ 920;1,55;3,37
\PROVISIONES\CONGELADOS;FZ GREEN PEAS  KG - ARVEJAS CONGELAD;KGS;$ 2.000;2,17;$ 920;1,55;3,37
\PROVISIONES\CONGELADOS;FZ GYOSAS VEGETABLES - GYOSAS VEGETALES 30 UNID;PKT;$ 0;0,00;$ 920;1,55;0,00
\PROVISIONES\CONGELADOS;FZ MIX VEGETABLES - JARDINERA VEGETALES;KGS;$ 1.800;1,96;$ 920;1,55;3,03
\PROVISIONES\CONGELADOS;FZ PIZZA READY 600 GRS GR - PIZZA;UNID;$ 5.453;5,93;$ 920;1,55;9,19
\PROVISIONES\CONGELADOS;FZ POTATO WEDGES  - PAPAS GAJOS CONGELADAS;KGS;$ 6.723;7,31;$ 920;1,55;11,33
\PROVISIONES\CONGELADOS;FZ POTATO - PAPAS CONGELADAS;KGS;$ 1.900;2,07;$ 920;1,55;3,20
\PROVISIONES\CONGELADOS;FZ SPINAC - ESPINACA CONGELADA;KGS;$ 2.800;3,04;$ 920;1,55;4,72
\PROVISIONES\CONGELADOS;FZ THAI WOK 500 GRS;PKT;$ 0;0,00;$ 920;1,55;0,00
\PROVISIONES\CONGELADOS;ICE CREAM CHOCOLATE;LT;$ 2.000;2,17;$ 920;1,55;3,37
\PROVISIONES\CONGELADOS;ICE CREAM VANILLA - VAINILLA;LT;$ 2.000;2,17;$ 920;1,55;3,37
\PROVISIONES\CONGELADOS;ICE CREAM STRAWBERRY - FRUTILLA;LT;$ 2.000;2,17;$ 920;1,55;3,37
\PROVISIONES\CONGELADOS;ICE CREAM THREE FLAVOUR - TRISABOR;LT;$ 2.000;2,17;$ 920;1,55;3,37
\PROVISIONES\CONGELADOS;ICE CREAM STRAWBERRY&BANANA- FRUTILLA Y PLATANO;LT;$ 2.000;2,17;$ 920;1,55;3,37
\PROVISIONES\CONGELADOS;ICRE CREAM PISTACHO ;LT;$ 2.000;2,17;$ 920;1,55;3,37
\PROVISIONES\CONGELADOS;ICE CREAM - CHOCOLITO;UNID;$ 1.200;1,30;$ 920;1,55;2,02
\PROVISIONES\CONGELADOS;ICE CREAM ASSTD - HELADO;LTS;$ 2.000;2,17;$ 920;1,55;3,37
\PROVISIONES\CONGELADOS;ICE CREAM ASSTD CUP 100 GRS;CUP;$ 1.000;1,09;$ 920;1,55;1,68
\PROVISIONES\CONGELADOS;ICE CREAM BANANAS  SPLIT- HELADO BANANA SPLIT;LTS;$ 3.026;3,29;$ 920;1,55;5,10
\PROVISIONES\CONGELADOS;ICE CREAM BLACKBERRIE - HELADO MORA CREMA SAVORY;LTS ;$ 3.690;4,01;$ 920;1,55;6,22
\PROVISIONES\CONGELADOS;ICE CREAM BUTTER PERCAN;LTS;$ 0;0,00;$ 920;1,55;0,00
\PROVISIONES\CONGELADOS;ICE CREAM CONE - HELADO CONO;UNID;$ 1.250;1,36;$ 920;1,55;2,11
\PROVISIONES\CONGELADOS;ICE CREAM COOKIES & CREAM - HELADO;LTS;$ 5.873;6,38;$ 920;1,55;9,89
\PROVISIONES\CONGELADOS;ICE CREAM FUDGE TRIPPLE X LITRO;LTS;$ 0;0,00;$ 920;1,55;0,00
\PROVISIONES\CONGELADOS;ICE CREAM HAGEN DAZZ 415 ML;CUP;$ 0;0,00;$ 920;1,55;0,00
\PROVISIONES\CONGELADOS;ICE CREAM MAGNUM  - HELADO MAGNUM;UNID;$ 1.850;2,01;$ 920;1,55;3,12
\PROVISIONES\CONGELADOS;ICE CREAM MANGO - HELADO MANGO;LTS;$ 2.000;2,17;$ 920;1,55;3,37
\PROVISIONES\CONGELADOS;ICE CREAM PISTACCIO SAN FRANCISCO 1 LT;LTS;$ 2.000;2,17;$ 920;1,55;3,37
\PROVISIONES\CONGELADOS;ICE CREAM ROCKY ROAD;LTS;$ 4.196;4,56;$ 920;1,55;7,07
\PROVISIONES\CONGELADOS;ICE CREAM RUM AND RAISING - HELADO PASAS AL RON;LTS;$ 2.000;2,17;$ 920;1,55;3,37
\PROVISIONES\CONGELADOS;ICE CREAM SNICKERS - HELADO SNICKERS;UNID;$ 1.400;1,52;$ 920;1,55;2,36
\PROVISIONES\CONGELADOS;ICE CREAM STICK - HELADO STICK;UNID;$ 1.100;1,20;$ 920;1,55;1,85
\PROVISIONES\CONGELADOS;ICE CREAM TURKETY HILL  LT  COFFEE;LTS;$ 0;0,00;$ 920;1,55;0,00
\PROVISIONES\CONGELADOS;ICE CREAM TWIX - HELADO;UNID;$ 0;0,00;$ 920;1,55;0,00
\PROVISIONES\CONGELADOS;MUSHROOMS FZ SLICED;UNID;$ 5.258;5,72;$ 920;1,55;8,86
\PROVISIONES\CONGELADOS;MUFFIN CHOCOLATE FZ PCS;UNID;$ 1.200;1,30;$ 920;1,55;2,02
\PROVISIONES\CONGELADOS;POTATO CROQUETES FZ;KGS;$ 6.303;6,85;$ 920;1,55;10,62
\PROVISIONES\CONGELADOS;SPRING ROLL - ARROLLADO PRIMAVERA PCS;UNID;$ 500;0,54;$ 920;1,55;0,84
\PROVISIONES\CONGELADOS;TORTA CHOCOLATE FZ;UNID;$ 22.800;24,78;$ 920;1,55;38,41
\PROVISIONES\CONGELADOS;TURKEY HILL BLACK CHERRY ICE CREAM - HELADO;LTS;$ 0;0,00;$ 920;1,55;0,00
\PROVISIONES\CONGELADOS;VIENETTA ICE CREAM - HELADO;LTS;$ 4.075;4,43;$ 920;1,55;6,87
\PROVISIONES\CONGELADOS;ANCHOVY FILLET - ANCHOAS 190GRS/BTL ;tin;$ 4.193;4,56;$ 920;1,55;7,06
\PROVISIONES\CONGELADOS;1000 ISLAND THOUSAND- 500ml;BTL;$ 3.346;3,64;$ 920;1,55;5,64
;;;;;;;
;;;;;;;
;;;;;;;
;;;;;;;
;;;;;;;
;;;;;;;
;;;;;;;
;;;;;;;
;;;;;;;
;;;;;;;
;;;;;;;
;;;;;;;
;;;;;;;
;;;;;;;
;;;;;;;
;;;;;;;
;;;;;;;
;;;;;;;
;;;;;;;
;;;;;;;
;;;;;;;
;;;;;;;
;;;;;;;
;;;;;;;
;;;;;;;
;;;;;;;
;;;;;;;
;;;;;;;
;;;;;;;
;;;;;;;
;;;;;;;
;;;;;;;
;;;;;;;
;;;;;;;
;;;;;;;
;;;;;;;
;;;;;;;
;;;;;;;
;;;;;;;
;;;;;;;
;;;;;;;
;;;;;;;
;;;;;;;
;;;;;;;
;;;;;;;
;;;;;;;
;;;;;;;
;;;;;;;
;;;;;;;
;;;;;;;
;;;;;;;
;;;;;;;
;;;;;;;
;;;;;;;
;;;;;;;
;;;;;;;
;;;;;;;
;;;;;;;
;;;;;;;
;;;;;;;
;;;;;;;
;;;;;;;
;;;;;;;
;;;;;;;
;;;;;;;
;;;;;;;
;;;;;;;
;;;;;;;
;;;;;;;
;;;;;;;
;;;;;;;
;;;;;;;
;;;;;;;
;;;;;;;
;;;;;;;
;;;;;;;
;;;;;;;
;;;;;;;
;;;;;;;
;;;;;;;
;;;;;;;
;;;;;;;
;;;;;;;
;;;;;;;
;;;;;;;
;;;;;;;
;;;;;;;
;;;;;;;
;;;;;;;
;;;;;;;
;;;;;;;
;;;;;;;
;;;;;;;
;;;;;;;
;;;;;;;
;;;;;;;
;;;;;;;
;;;;;;;
;;;;;;;
;;;;;;;
;;;;;;;
;;;;;;;
;;;;;;;
;;;;;;;
;;;;;;;
;;;;;;;
;;;;;;;
;;;;;;;
;;;;;;;
;;;;;;;
;;;;;;;
;;;;;;;
;;;;;;;
;;;;;;;
;;;;;;;
;;;;;;;
;;;;;;;
;;;;;;;
;;;;;;;
;;;;;;;
;;;;;;;
;;;;;;;
;;;;;;;
;;;;;;;
;;;;;;;
;;;;;;;
;;;;;;;
;;;;;;;
;;;;;;;
;;;;;;;
;;;;;;;
;;;;;;;
;;;;;;;
;;;;;;;
;;;;;;;
;;;;;;;
;;;;;;;
;;;;;;;
;;;;;;;
;;;;;;;
;;;;;;;
;;;;;;;
;;;;;;;
;;;;;;;
;;;;;;;
;;;;;;;
;;;;;;;
;;;;;;;
;;;;;;;
;;;;;;;
;;;;;;;
;;;;;;;
;;;;;;;
;;;;;;;
;;;;;;;
;;;;;;;
;;;;;;;
;;;;;;;
;;;;;;;
;;;;;;;
;;;;;;;
;;;;;;;
;;;;;;;
;;;;;;;
;;;;;;;
;;;;;;;
;;;;;;;
;;;;;;;
;;;;;;;
;;;;;;;
;;;;;;;
;;;;;;;
;;;;;;;
;;;;;;;
;;;;;;;
;;;;;;;
;;;;;;;
;;;;;;;
;;;;;;;
;;;;;;;
;;;;;;;
;;;;;;;
;;;;;;;
;;;;;;;
;;;;;;;
;;;;;;;
;;;;;;;
;;;;;;;
;;;;;;;
;;;;;;;
;;;;;;;
;;;;;;;
;;;;;;;
;;;;;;;
;;;;;;;
;;;;;;;
;;;;;;;
;;;;;;;
;;;;;;;
;;;;;;;
;;;;;;;
;;;;;;;
;;;;;;;
;;;;;;;
;;;;;;;
;;;;;;;
;;;;;;;
;;;;;;;
;;;;;;;
;;;;;;;
;;;;;;;
;;;;;;;
;;;;;;;
;;;;;;;
;;;;;;;
;;;;;;;
;;;;;;;
;;;;;;;
;;;;;;;
;;;;;;;
;;;;;;;
;;;;;;;
;;;;;;;
;;;;;;;
;;;;;;;
;;;;;;;
;;;;;;;
;;;;;;;
;;;;;;;
;;;;;;;
;;;;;;;
;;;;;;;
;;;;;;;
;;;;;;;
;;;;;;;
;;;;;;;
;;;;;;;
;;;;;;;
;;;;;;;
;;;;;;;
;;;;;;;
;;;;;;;
;;;;;;;
;;;;;;;
;;;;;;;
;;;;;;;
;;;;;;;
;;;;;;;
;;;;;;;
;;;;;;;
;;;;;;;
;;;;;;;
;;;;;;;
;;;;;;;
;;;;;;;
;;;;;;;
;;;;;;;
;;;;;;;
;;;;;;;
;;;;;;;
;;;;;;;
;;;;;;;
;;;;;;;
;;;;;;;
;;;;;;;
;;;;;;;
;;;;;;;
;;;;;;;
;;;;;;;
;;;;;;;
;;;;;;;
;;;;;;;
;;;;;;;
;;;;;;;
;;;;;;;
;;;;;;;
;;;;;;;
;;;;;;;
;;;;;;;
;;;;;;;
;;;;;;;
;;;;;;;
;;;;;;;
;;;;;;;
;;;;;;;
;;;;;;;
;;;;;;;
;;;;;;;
;;;;;;;
;;;;;;;
;;;;;;;
;;;;;;;
;;;;;;;
;;;;;;;
;;;;;;;
;;;;;;;
;;;;;;;
;;;;;;;
;;;;;;;
;;;;;;;
;;;;;;;
;;;;;;;
;;;;;;;
;;;;;;;
;;;;;;;
;;;;;;;
;;;;;;;
;;;;;;;
;;;;;;;
;;;;;;;
;;;;;;;
;;;;;;;
;;;;;;;
;;;;;;;
;;;;;;;
;;;;;;;
;;;;;;;
;;;;;;;
;;;;;;;
;;;;;;;
;;;;;;;
;;;;;;;
;;;;;;;
;;;;;;;
;;;;;;;
;;;;;;;
;;;;;;;
;;;;;;;
;;;;;;;
;;;;;;;
;;;;;;;
;;;;;;;
;;;;;;;
;;;;;;;
;;;;;;;
;;;;;;;
;;;;;;;
;;;;;;;
;;;;;;;
;;;;;;;
;;;;;;;
;;;;;;;
;;;;;;;
;;;;;;;
;;;;;;;
;;;;;;;
;;;;;;;
;;;;;;;
;;;;;;;
;;;;;;;
;;;;;;;
;;;;;;;
;;;;;;;
;;;;;;;
;;;;;;;
;;;;;;;
;;;;;;;
;;;;;;;
;;;;;;;
;;;;;;;
;;;;;;;
;;;;;;;
;;;;;;;
;;;;;;;
;;;;;;;
;;;;;;;
;;;;;;;
;;;;;;;
;;;;;;;
;;;;;;;
;;;;;;;
;;;;;;;
;;;;;;;
;;;;;;;
;;;;;;;
;;;;;;;
;;;;;;;
;;;;;;;
;;;;;;;
;;;;;;;
;;;;;;;
;;;;;;;
;;;;;;;
;;;;;;;
;;;;;;;
;;;;;;;
;;;;;;;
;;;;;;;
;;;;;;;
;;;;;;;
;;;;;;;
;;;;;;;
;;;;;;;
;;;;;;;
;;;;;;;
;;;;;;;
;;;;;;;
;;;;;;;
;;;;;;;
;;;;;;;
;;;;;;;
;;;;;;;
;;;;;;;
;;;;;;;
;;;;;;;
;;;;;;;
;;;;;;;
;;;;;;;
;;;;;;;
;;;;;;;
;;;;;;;
;;;;;;;
;;;;;;;
;;;;;;;
;;;;;;;
;;;;;;;
;;;;;;;
;;;;;;;
;;;;;;;
;;;;;;;
;;;;;;;
;;;;;;;
;;;;;;;
;;;;;;;
;;;;;;;
;;;;;;;
;;;;;;;
;;;;;;;
;;;;;;;
;;;;;;;
;;;;;;;
;;;;;;;
;;;;;;;
;;;;;;;
;;;;;;;
;;;;;;;
;;;;;;;
;;;;;;;
;;;;;;;
;;;;;;;
;;;;;;;
;;;;;;;
;;;;;;;
;;;;;;;
;;;;;;;
;;;;;;;
;;;;;;;
;;;;;;;
;;;;;;;
;;;;;;;
;;;;;;;
;;;;;;;
;;;;;;;
;;;;;;;
;;;;;;;
;;;;;;;
;;;;;;;
;;;;;;;
;;;;;;;
;;;;;;;
;;;;;;;
;;;;;;;
;;;;;;;
;;;;;;;
;;;;;;;
;;;;;;;
;;;;;;;
;;;;;;;
;;;;;;;
;;;;;;;
;;;;;;;
;;;;;;;
;;;;;;;
;;;;;;;
;;;;;;;
;;;;;;;
;;;;;;;
;;;;;;;
;;;;;;;
;;;;;;;
;;;;;;;
;;;;;;;
;;;;;;;
;;;;;;;
;;;;;;;
;;;;;;;
;;;;;;;
;;;;;;;
;;;;;;;
;;;;;;;
;;;;;;;
;;;;;;;
;;;;;;;
;;;;;;;
;;;;;;;
;;;;;;;
;;;;;;;
;;;;;;;
;;;;;;;
;;;;;;;
;;;;;;;
;;;;;;;
;;;;;;;
;;;;;;;
;;;;;;;
;;;;;;;
;;;;;;;
;;;;;;;
;;;;;;;
;;;;;;;
;;;;;;;
;;;;;;;
;;;;;;;
;;;;;;;
;;;;;;;
;;;;;;;
;;;;;;;
;;;;;;;
;;;;;;;
;;;;;;;
;;;;;;;
;;;;;;;
;;;;;;;
;;;;;;;
;;;;;;;
;;;;;;;
;;;;;;;
;;;;;;;
;;;;;;;
;;;;;;;
;;;;;;;
;;;;;;;
;;;;;;;
;;;;;;;
;;;;;;;
;;;;;;;
;;;;;;;
;;;;;;;
;;;;;;;
;;;;;;;
;;;;;;;
;;;;;;;
;;;;;;;
;;;;;;;
;;;;;;;
;;;;;;;
;;;;;;;
;;;;;;;
;;;;;;;
;;;;;;;
;;;;;;;
;;;;;;;
;;;;;;;
;;;;;;;
;;;;;;;
;;;;;;;
;;;;;;;
;;;;;;;
;;;;;;;
;;;;;;;
;;;;;;;
;;;;;;;
;;;;;;;
;;;;;;;
;;;;;;;
;;;;;;;
;;;;;;;
;;;;;;;
;;;;;;;
;;;;;;;
;;;;;;;
;;;;;;;
;;;;;;;
;;;;;;;
;;;;;;;
;;;;;;;
;;;;;;;
;;;;;;;
;;;;;;;
;;;;;;;
;;;;;;;
;;;;;;;
;;;;;;;
;;;;;;;
;;;;;;;
;;;;;;;
;;;;;;;
;;;;;;;
;;;;;;;
;;;;;;;
;;;;;;;
;;;;;;;
;;;;;;;
;;;;;;;
;;;;;;;
;;;;;;;
;;;;;;;
;;;;;;;
;;;;;;;
;;;;;;;
;;;;;;;
;;;;;;;
;;;;;;;
;;;;;;;
;;;;;;;
;;;;;;;
;;;;;;;
;;;;;;;
;;;;;;;
;;;;;;;
;;;;;;;
;;;;;;;
;;;;;;;
;;;;;;;
;;;;;;;
;;;;;;;
;;;;;;;
;;;;;;;
;;;;;;;
;;;;;;;
;;;;;;;
;;;;;;;
;;;;;;;
;;;;;;;
;;;;;;;
;;;;;;;
;;;;;;;
;;;;;;;
;;;;;;;
;;;;;;;
;;;;;;;
;;;;;;;
;;;;;;;
;;;;;;;
;;;;;;;
;;;;;;;
;;;;;;;
;;;;;;;
;;;;;;;
;;;;;;;
;;;;;;;
;;;;;;;
;;;;;;;
;;;;;;;
;;;;;;;
;;;;;;;
;;;;;;;
;;;;;;;
;;;;;;;
;;;;;;;
;;;;;;;
;;;;;;;
;;;;;;;
;;;;;;;
;;;;;;;
;;;;;;;
;;;;;;;
;;;;;;;
;;;;;;;
;;;;;;;
;;;;;;;
;;;;;;;
;;;;;;;
;;;;;;;
;;;;;;;
;;;;;;;
;;;;;;;
;;;;;;;
;;;;;;;
;;;;;;;
;;;;;;;
;;;;;;;
;;;;;;;
;;;;;;;
;;;;;;;
;;;;;;;
;;;;;;;
;;;;;;;
;;;;;;;
;;;;;;;
;;;;;;;
;;;;;;;
;;;;;;;
;;;;;;;
;;;;;;;
;;;;;;;
;;;;;;;
;;;;;;;
;;;;;;;
;;;;;;;
;;;;;;;
;;;;;;;
;;;;;;;
;;;;;;;
;;;;;;;
;;;;;;;
;;;;;;;
;;;;;;;
;;;;;;;
;;;;;;;
;;;;;;;
;;;;;;;
;;;;;;;
;;;;;;;
;;;;;;;
;;;;;;;
;;;;;;;
;;;;;;;
;;;;;;;
;;;;;;;
;;;;;;;
;;;;;;;
;;;;;;;
;;;;;;;
;;;;;;;
;;;;;;;
;;;;;;;
;;;;;;;
;;;;;;;
;;;;;;;
;;;;;;;
;;;;;;;
;;;;;;;
;;;;;;;
;;;;;;;
;;;;;;;
;;;;;;;
;;;;;;;
;;;;;;;
;;;;;;;
;;;;;;;
;;;;;;;
;;;;;;;
;;;;;;;
;;;;;;;
;;;;;;;
;;;;;;;
;;;;;;;
;;;;;;;
;;;;;;;
;;;;;;;