;;;;;$ 870;1,55;
;;;;;;;
FAMILIA PRODUCTOS;DESCRIPCIÓN;UNIDAD DE MEDIDA;VALOR PESOS $;PRECIO COSTO NETO  ;TIPO CAMBIO $;PORCENTAJE;PRECIO VENTA NETO 
\PROVISIONES\TOSTADURIA;SPECIAL OLIVE – ACEITUNA ESPECIAL;GRS; $7.563 ;$ 8,69;$ 870;1,55;13,47
\PROVISIONES\TOSTADURIA;SAFRAN -AZAFRAN 1GRS/PKT;PKT; $8.404 ;;;;
\PROVISIONES\TOSTADURIA;BLACK OLIVE – ACEITUNA NEGRA;GRS; $7.563 ;$ 8,69;$ 870;1,55;13,47
\PROVISIONES\TOSTADURIA;STUFFED OLIVE – ACEITUNA RELLENA;GRS; $7.563 ;$ 8,69;$ 870;1,55;13,47
\PROVISIONES\TOSTADURIA;SEVILLANA (GREEN) OLIVE – ACEITUNA SEVILLANA (VERDE);GRS; $6.723 ;$ 7,73;$ 870;1,55;11,98
\PROVISIONES\TOSTADURIA;WHOLE DRIED AJÍ CACHO DE CABRA – AJÍ CACHO DE CABRA SECO ENTERO;GRS; $18.487 ;$ 21,25;$ 870;1,55;32,94
\PROVISIONES\TOSTADURIA;CRUSHED DRIED AJÍ CACHO DE CABRA – AJÍ CACHO DE CABRA SECO TRITURADO - red chilli flakes;GRS; $18.487 ;$ 21,25;$ 870;1,55;32,94
\PROVISIONES\TOSTADURIA;COLOR PEPPER (ANNATTO) – AJÍ COLOR;GRS; $5.084 ;$ 5,84;$ 870;1,55;9,06
\PROVISIONES\TOSTADURIA;MSG / FLAVOR ENHANCER – AJINOMOTO / REALZADOR DE SABORES;GRS; $4.286 ;$ 4,93;$ 870;1,55;7,64
\PROVISIONES\TOSTADURIA;GARLIC GRANULES – AJO EN GRANULADO;GRS; $8.824 ;$ 10,14;$ 870;1,55;15,72
\PROVISIONES\TOSTADURIA;GARLIC FLAKES – AJO EN ESCAMAS;GRS; $6.101 ;$ 7,01;$ 870;1,55;10,87
\PROVISIONES\TOSTADURIA;GARLIC POWDER – AJO EN POLVO;GRS; $5.639 ;$ 6,48;$ 870;1,55;10,05
\PROVISIONES\TOSTADURIA;BASIL LEAVES – ALBAHACA HOJAS;GRS; $11.765 ;$ 13,52;$ 870;1,55;20,96
\PROVISIONES\TOSTADURIA;ALL-PURPOSE SEASONING / COMPLETE DRESSING – ALIÑO COMPLETO;GRS; $5.714 ;$ 6,57;$ 870;1,55;10,18
\PROVISIONES\TOSTADURIA;ALMONDS – ALMENDRAS;GRS; $10.840 ;$ 12,46;$ 870;1,55;19,31
\PROVISIONES\TOSTADURIA;SALTED ALMONDS – ALMENDRAS CON SAL;GRS; $10.924 ;$ 12,56;$ 870;1,55;19,46
\PROVISIONES\TOSTADURIA;SLICED ALMONDS – ALMENDRAS LAMINADAS;GRS; $13.445 ;$ 15,45;$ 870;1,55;23,95
\PROVISIONES\TOSTADURIA;SKINLESS ALMONDS / BLANCHED ALMONDS – ALMENDRAS SIN PIEL;GRS; $14.286 ;$ 16,42;$ 870;1,55;25,45
\PROVISIONES\TOSTADURIA;TOASTED ALMONDS – ALMENDRAS TOSTADAS;GRS; $12.571 ;$ 14,45;$ 870;1,55;22,40
\PROVISIONES\TOSTADURIA;SALTED ROASTED ALMONDS – ALMENDRAS TOSTADAS SALADAS;GRS; $12.571 ;$ 14,45;$ 870;1,55;22,40
\PROVISIONES\TOSTADURIA;BLUE POPPY – AMAPOLA AZUL;GRS; $9.244 ;$ 10,63;$ 870;1,55;16,47
\PROVISIONES\TOSTADURIA;STAR ANISE – ANÍS ESTRELLA;GRS; $20.504 ;$ 23,57;$ 870;1,55;36,53
\PROVISIONES\TOSTADURIA;DRIED CRANBERRY – ARÁNDANO DESHIDRATADO;GRS; $21.008 ;$ 24,15;$ 870;1,55;37,43
\PROVISIONES\TOSTADURIA;ROLL (MEAT, CHEESE, SHRIMP, HAM) – ARROLLADO (CARNE, QUESO, CAMARÓN, JAMÓN);GRS; $3.529 ;$ 4,06;$ 870;1,55;6,29
\PROVISIONES\TOSTADURIA;SPRING ROLL – ARROLLADO PRIMAVERA;GRS; $3.529 ;$ 4,06;$ 870;1,55;6,29
\PROVISIONES\TOSTADURIA;SPLIT YELLOW PEAS – ARVEJAS PARTIDAS AMARILLAS;GRS; $2.857 ;$ 3,28;$ 870;1,55;5,09
\PROVISIONES\TOSTADURIA;SPLIT GREEN PEAS – ARVEJAS VERDES PARTIDAS;GRS; $2.521 ;$ 2,90;$ 870;1,55;4,49
\PROVISIONES\TOSTADURIA;CHILEAN HAZELNUT – AVELLANA CHILENA;GRS; $27.731 ;$ 31,87;$ 870;1,55;49,41
\PROVISIONES\TOSTADURIA;EUROPEAN HAZELNUT – AVELLANA EUROPEA;GRS; $16.807 ;$ 19,32;$ 870;1,55;29,94
\PROVISIONES\TOSTADURIA;INSTANT OATS – AVENA INSTANTÁNEA;GRS; $1.479 ;$ 1,70;$ 870;1,55;2,64
\PROVISIONES\TOSTADURIA;REGULAR OATS – AVENA TRADICIONAL;GRS; $1.479 ;$ 1,70;$ 870;1,55;2,64
\PROVISIONES\TOSTADURIA;POWDERED SUGAR – AZÚCAR FLOR;GRS; $2.101 ;$ 2,41;$ 870;1,55;3,74
\PROVISIONES\TOSTADURIA;BROWN SUGAR – AZÚCAR MORENA;GRS; $2.857 ;$ 3,28;$ 870;1,55;5,09
\PROVISIONES\TOSTADURIA;LIGHT BROWN SUGAR – AZÚCAR RUBIA;GRS; $2.857 ;$ 3,28;$ 870;1,55;5,09
\PROVISIONES\TOSTADURIA;BANANA CHIPS – BANANA CHIPS;GRS; $5.882 ;$ 6,76;$ 870;1,55;10,48
\PROVISIONES\TOSTADURIA;COCONUT DRINK 400ML – BEBIDA DE COCO 400ML;GRS; $1.504 ;$ 1,73;$ 870;1,55;2,68
\PROVISIONES\TOSTADURIA;SODIUM BICARBONATE / BAKING SODA – BICARBONATO DE SODIO;GRS; $2.689 ;$ 3,09;$ 870;1,55;4,79
\PROVISIONES\TOSTADURIA;DUTCH PROCESSED COCOA / SWEET COCOA – CACAO DULCE;GRS; $6.303 ;$ 7,24;$ 870;1,55;11,23
\PROVISIONES\TOSTADURIA;NATURAL ECUADORIAN COCOA – CACAO NATURAL ECUATORIANO;GRS; $12.076 ;$ 13,88;$ 870;1,55;21,51
\PROVISIONES\TOSTADURIA;CAJUN SEASONING – CAJÚN;GRS; $11.479 ;$ 13,19;$ 870;1,55;20,45
\PROVISIONES\TOSTADURIA;WILD MUSHROOMS – CALLAMPAS;GRS; $22.689 ;$ 26,08;$ 870;1,55;40,42
\PROVISIONES\TOSTADURIA;CINNAMON STICKS – CANELA ENTERA;GRS; $26.050 ;$ 29,94;$ 870;1,55;46,41
\PROVISIONES\TOSTADURIA;CINNAMON STICKS (CHINESE) – CANELA EN TIRA-CHINA;GRS; $21.008 ;$ 24,15;$ 870;1,55;37,43
\PROVISIONES\TOSTADURIA;CINNAMON POWDER – CANELA POLVO;GRS; $15.126 ;$ 17,39;$ 870;1,55;26,95
\PROVISIONES\TOSTADURIA;WHOLE CARDAMOM – CARDAMOMO ENTERO;GRS; $75.630 ;$ 86,93;$ 870;1,55;134,74
\PROVISIONES\TOSTADURIA;CARDAMOM POWDER – CARDAMOMO POLVO;GRS; $54.622 ;$ 62,78;$ 870;1,55;97,32
\PROVISIONES\TOSTADURIA;VEGETABLE MEAT (SOY) – CARNE VEGETAL (SOYA);GRS; $2.866 ;$ 3,29;$ 870;1,55;5,11
\PROVISIONES\TOSTADURIA;WHITE VEGETABLE MEAT (SOY) – CARNE VEGETAL BLANCA (SOYA);GRS; $2.866 ;$ 3,29;$ 870;1,55;5,11
\PROVISIONES\TOSTADURIA;COCOA SHELL / COCOA HUSK – CÁSCARA DE CACAO;GRS; $2.101 ;$ 2,41;$ 870;1,55;3,74
\PROVISIONES\TOSTADURIA;CASHEW NUTS – CASTAÑAS DE CAJÚ;GRS; $17.647 ;$ 20,28;$ 870;1,55;31,44
\PROVISIONES\TOSTADURIA;ONION POWDER – CEBOLLA EN POLVO;GRS; $6.555 ;$ 7,53;$ 870;1,55;11,68
\PROVISIONES\TOSTADURIA;LENTIL CEREAL WITH STEVIA – CEREAL DE LENTEJA CON STEVIA;GRS; $9.336 ;$ 10,73;$ 870;1,55;16,63
\PROVISIONES\TOSTADURIA;CHIA – CHÍA;GRS; $5.462 ;$ 6,28;$ 870;1,55;9,73
\PROVISIONES\TOSTADURIA;WHITE CHIA 500G – CHÍA BLANCA 500 GR;GRS; $5.462 ;$ 6,28;$ 870;1,55;9,73
\PROVISIONES\TOSTADURIA;WHITE CHIA 1KG – CHÍA BLANCA 1KG;GRS; $2.857 ;$ 3,28;$ 870;1,55;5,09
\PROVISIONES\TOSTADURIA;WHITE CHIA 250G – CHÍA BLANCA 250 GR;GRS; $1.513 ;$ 1,74;$ 870;1,55;2,70
\PROVISIONES\TOSTADURIA;CHILLI / CHILI POWDER – CHILLI POLVO;GRS; $6.639 ;$ 7,63;$ 870;1,55;11,83
\PROVISIONES\TOSTADURIA;CHOCOLATE CHIPS – CHISPAS DE CHOCOLATE;GRS; $8.824 ;$ 10,14;$ 870;1,55;15,72
\PROVISIONES\TOSTADURIA;FINE CHUCOCA – CHUCOCA FINA;GRS; $1.429 ;$ 1,64;$ 870;1,55;2,55
\PROVISIONES\TOSTADURIA;COARSE CHUCOCA – CHUCOCA GRUESA;GRS; $1.429 ;$ 1,64;$ 870;1,55;2,55
\PROVISIONES\TOSTADURIA;CHUÑO – CHUÑO;GRS; $2.983 ;$ 3,43;$ 870;1,55;5,31
\PROVISIONES\TOSTADURIA;WHOLE CORIANDER / WHOLE CILANTRO – CILANTRO ENTERO;GRS; $4.118 ;$ 4,73;$ 870;1,55;7,34
\PROVISIONES\TOSTADURIA;CORIANDER POWDER – CILANTRO POLVO;GRS; $4.370 ;$ 5,02;$ 870;1,55;7,79
\PROVISIONES\TOSTADURIA;PITTED DRIED PLUMS – CIRUELAS DESHIDRATADAS S/CAROZO;GRS; $6.723 ;$ 7,73;$ 870;1,55;11,98
\PROVISIONES\TOSTADURIA;WHOLE CLOVES – CLAVO OLOR ENTERO;GRS; $24.370 ;$ 28,01;$ 870;1,55;43,42
\PROVISIONES\TOSTADURIA;CLOVES POWDER – CLAVO OLOR POLVO;GRS; $22.689 ;$ 26,08;$ 870;1,55;40,42
\PROVISIONES\TOSTADURIA;COCONUT CHIPS – COCO CHIPS;GRS; $9.244 ;$ 10,63;$ 870;1,55;16,47
\PROVISIONES\TOSTADURIA;TOASTED COCONUT CHIPS – COCO CHIPS TOSTADO;GRS; $9.664 ;$ 11,11;$ 870;1,55;17,22
\PROVISIONES\TOSTADURIA;COCONUT CUBES – COCO CUBO;GRS; $12.185 ;$ 14,01;$ 870;1,55;21,71
\PROVISIONES\TOSTADURIA;SHREDDED / GRATED COCONUT – COCO RALLADO;GRS; $6.128 ;$ 7,04;$ 870;1,55;10,92
\PROVISIONES\TOSTADURIA;WHOLE CUMIN – COMINO ENTERO;GRS; $14.286 ;$ 16,42;$ 870;1,55;25,45
\PROVISIONES\TOSTADURIA;CUMIN POWDER – COMINO POLVO;GRS; $14.706 ;$ 16,90;$ 870;1,55;26,20
\PROVISIONES\TOSTADURIA;CRANBERRIES – CRANBERRYS;GRS; $7.479 ;$ 8,60;$ 870;1,55;13,32
\PROVISIONES\TOSTADURIA;COCONUT CREAM 500G – CREMA DE COCO 500GRS;GRS; $1.597 ;$ 1,84;$ 870;1,55;2,85
\PROVISIONES\TOSTADURIA;TURMERIC POWDER – CÚRCUMA MOLIDA;GRS; $5.798 ;$ 6,66;$ 870;1,55;10,33
\PROVISIONES\TOSTADURIA;CURRY – CURRY;GRS; $4.118 ;$ 4,73;$ 870;1,55;7,34
\PROVISIONES\TOSTADURIA;COUSCOUS – CUS-CUS;GRS; $3.790 ;$ 4,36;$ 870;1,55;6,75
\PROVISIONES\TOSTADURIA;TURKISH APRICOTS – DAMASCOS TURCOS;GRS; $11.765 ;$ 13,52;$ 870;1,55;20,96
\PROVISIONES\TOSTADURIA;DATES WITH PIT – DÁTILES CON CAROZO;GRS; $4.118 ;$ 4,73;$ 870;1,55;7,34
\PROVISIONES\TOSTADURIA;PITTED DATES – DÁTILES S/CAROZO;GRS; $5.042 ;$ 5,80;$ 870;1,55;8,98
\PROVISIONES\TOSTADURIA;PINO EMPANADA FOR FRYING – EMPANADA DE PINO PARA FREÍR;GRS; $3.529 ;$ 4,06;$ 870;1,55;6,29
\PROVISIONES\TOSTADURIA;CHEESE EMPANADA FOR FRYING 10U – EMPANADA DE QUESO PARA FREÍR 10U;GRS; $2.521 ;$ 2,90;$ 870;1,55;4,49
\PROVISIONES\TOSTADURIA;CHEESE EMPANADA FOR FRYING 20U – EMPANADA DE QUESO PARA FREÍR 20U;GRS; $5.042 ;$ 5,80;$ 870;1,55;8,98
\PROVISIONES\TOSTADURIA;COCKTAIL EMPANADAS – EMPANADITAS DE COCTEL;GRS; $4.370 ;$ 5,02;$ 870;1,55;7,79
\PROVISIONES\TOSTADURIA;WHOLE DILL – ENELDO ENTERO;GRS; $5.630 ;$ 6,47;$ 870;1,55;10,03
\PROVISIONES\TOSTADURIA;WHOLE TARRAGON – ESTRAGÓN ENTERO;GRS; $21.849 ;$ 25,11;$ 870;1,55;38,93
\PROVISIONES\TOSTADURIA;HIBISCUS FLOWER – FLOR DE HIBISCUS / JAMAICA;GRS; $16.807 ;$ 19,32;$ 870;1,55;29,94
\PROVISIONES\TOSTADURIA;CANDIED FRUITS – FRUTAS CONFITADAS;GRS; $5.462 ;$ 6,28;$ 870;1,55;9,73
\PROVISIONES\TOSTADURIA;GARAM MASALA – GARAM MASALA;GRS; $8.403 ;$ 9,66;$ 870;1,55;14,97
\PROVISIONES\TOSTADURIA;CHICKPEAS / GARBANZOS – GARBANZOS;GRS; $2.941 ;$ 3,38;$ 870;1,55;5,24
\PROVISIONES\TOSTADURIA;UNFLAVORED GELATIN – GELATINA SIN SABOR;GRS; $8.403 ;$ 9,66;$ 870;1,55;14,97
\PROVISIONES\TOSTADURIA;GLUTEN – GLUTEN;GRS; $4.034 ;$ 4,64;$ 870;1,55;7,19
\PROVISIONES\TOSTADURIA;GOJI BERRIES – GOJI BAYAS;GRS; $10.924 ;$ 12,56;$ 870;1,55;19,46
\PROVISIONES\TOSTADURIA;GRANOLA – GRANOLA;GRS; $5.714 ;$ 6,57;$ 870;1,55;10,18
\PROVISIONES\TOSTADURIA;SALTED FAVA BEANS – HABAS SALADAS;GRS; $9.832 ;$ 11,30;$ 870;1,55;17,52
\PROVISIONES\TOSTADURIA;ALMOND MEAL WITH SKIN – HARINA DE ALMENDRA C/PIEL;GRS; $11.765 ;$ 13,52;$ 870;1,55;20,96
\PROVISIONES\TOSTADURIA;BLANCHED ALMOND FLOUR – HARINA DE ALMENDRA S/PIEL;GRS; $12.605 ;$ 14,49;$ 870;1,55;22,46
\PROVISIONES\TOSTADURIA;RICE FLOUR – HARINA DE ARROZ;GRS; $2.017 ;$ 2,32;$ 870;1,55;3,59
\PROVISIONES\TOSTADURIA;OAT FLOUR – HARINA DE AVENA;GRS; $1.672 ;$ 1,92;$ 870;1,55;2,98
\PROVISIONES\TOSTADURIA;RYE FLOUR – HARINA DE CENTENO;GRS; $1.933 ;$ 2,22;$ 870;1,55;3,44
\PROVISIONES\TOSTADURIA;COCONUT FLOUR – HARINA DE COCO;GRS; $6.723 ;$ 7,73;$ 870;1,55;11,98
\PROVISIONES\TOSTADURIA;CHICKPEA FLOUR / GARBANZO FLOUR – HARINA DE GARBANZO;GRS; $2.689 ;$ 3,09;$ 870;1,55;4,79
\PROVISIONES\TOSTADURIA;FLAXSEED MEAL / FLAX FLOUR – HARINA DE LINAZA;GRS; $4.160 ;$ 4,78;$ 870;1,55;7,41
\PROVISIONES\TOSTADURIA;MACA POWDER / MACA FLOUR – HARINA DE MACA;GRS; $8.067 ;$ 9,27;$ 870;1,55;14,37
\PROVISIONES\TOSTADURIA;CORN FLOUR – HARINA DE MAÍZ;GRS; $1.681 ;$ 1,93;$ 870;1,55;2,99
\PROVISIONES\TOSTADURIA;WHOLE WHEAT FLOUR / WHOLE GRAIN FLOUR – HARINA INTEGRAL;GRS; $1.513 ;$ 1,74;$ 870;1,55;2,70
\PROVISIONES\TOSTADURIA;MANIOC / TAPIOCA FLOUR – HARINA MANDIOCA;GRS; $2.941 ;$ 3,38;$ 870;1,55;5,24
\PROVISIONES\TOSTADURIA;TOASTED FLOUR – HARINA TOSTADA;GRS; $1.403 ;$ 1,61;$ 870;1,55;2,50
\PROVISIONES\TOSTADURIA;DRIED HIBISCUS – HIBISCUS DESHIDRATADO;GRS; $12.521 ;$ 14,39;$ 870;1,55;22,31
\PROVISIONES\TOSTADURIA;DRIED FIGS – HIGOS SECOS;GRS; $7.143 ;$ 8,21;$ 870;1,55;12,73
\PROVISIONES\TOSTADURIA;FENNEL – HINOJO;GRS; $5.966 ;$ 6,86;$ 870;1,55;10,63
\PROVISIONES\TOSTADURIA;LARGE DRIED PEACHES / LARGE HUESILLOS – HUESILLOS GRANDE;GRS; $7.143 ;$ 8,21;$ 870;1,55;12,73
\PROVISIONES\TOSTADURIA;MEDIUM HUESILLOS – HUESILLOS MEDIANOS;GRS; $5.966 ;$ 6,86;$ 870;1,55;10,63
\PROVISIONES\TOSTADURIA;CANDIED GINGER – JENGIBRE CONFITADO;GRS; $10.924 ;$ 12,56;$ 870;1,55;19,46
\PROVISIONES\TOSTADURIA;GINGER POWDER – JENGIBRE POLVO;GRS; $8.824 ;$ 10,14;$ 870;1,55;15,72
\PROVISIONES\TOSTADURIA;DRIED KIWI – KIWI DESHIDRATADO;GRS; $10.924 ;$ 12,56;$ 870;1,55;19,46
\PROVISIONES\TOSTADURIA;BAY LEAF / LAUREL – LAUREL;GRS; $12.605 ;$ 14,49;$ 870;1,55;22,46
\PROVISIONES\TOSTADURIA;3MM LENTIL – LENTEJA 3MM;GRS; $2.689 ;$ 3,09;$ 870;1,55;4,79
\PROVISIONES\TOSTADURIA;LENTILS – LENTEJAS;GRS; $2.941 ;$ 3,38;$ 870;1,55;5,24
\PROVISIONES\TOSTADURIA;BLACK LENTILS – LENTEJAS NEGRAS;GRS; $2.689 ;$ 3,09;$ 870;1,55;4,79
\PROVISIONES\TOSTADURIA;RED SPLIT LENTILS – LENTEJAS ROJAS PELADAS;GRS; $2.857 ;$ 3,28;$ 870;1,55;5,09
\PROVISIONES\TOSTADURIA;WHOLE FLAXSEED – LINAZA ENTERA;GRS; $3.361 ;$ 3,86;$ 870;1,55;5,99
\PROVISIONES\TOSTADURIA;CORNSTARCH / MAIZENA – MAICENA;GRS; $2.521 ;$ 2,90;$ 870;1,55;4,49
\PROVISIONES\TOSTADURIA;POPCORN – MAÍZ POP CORN;GRS; $1.639 ;$ 1,88;$ 870;1,55;2,92
\PROVISIONES\TOSTADURIA;DRIED MANGO – MANGO DESHIDRATADO;GRS; $10.924 ;$ 12,56;$ 870;1,55;19,46
\PROVISIONES\TOSTADURIA;RAW BLANCHED PEANUT – MANÍ BLANCHE (CRUDO);GRS; $3.613 ;$ 4,15;$ 870;1,55;6,44
\PROVISIONES\TOSTADURIA;PEANUT WITH SHELL – MANÍ CON CÁSCARA;GRS; $5.462 ;$ 6,28;$ 870;1,55;9,73
\PROVISIONES\TOSTADURIA;CHOCOLATE COVERED PEANUT – MANÍ CON CHOCOLATE;GRS; $6.303 ;$ 7,24;$ 870;1,55;11,23
\PROVISIONES\TOSTADURIA;HONEY ROASTED PEANUT – MANÍ CON MIEL;GRS; $4.202 ;$ 4,83;$ 870;1,55;7,49
\PROVISIONES\TOSTADURIA;FLAVORED CANDIED PEANUT – MANÍ CONFITADO SABORES;GRS; $5.210 ;$ 5,99;$ 870;1,55;9,28
\PROVISIONES\TOSTADURIA;CRUNCHY PEANUT SALTED / MERKÉN / ONION – MANÍ CROCANTE SALADA / MERKÉN / CEBOLLA;GRS; $6.723 ;$ 7,73;$ 870;1,55;11,98
\PROVISIONES\TOSTADURIA;MERKÉN PEANUT – MANÍ MERKÉN;GRS; $4.622 ;$ 5,31;$ 870;1,55;8,23
\PROVISIONES\TOSTADURIA;ROASTED PEANUT SALTED OR NATURAL – MANÍ TOSTADO SALADO O NATURAL;GRS; $4.034 ;$ 4,64;$ 870;1,55;7,19
\PROVISIONES\TOSTADURIA;ROASTED PEANUT SALTED OR NATURAL 180G – MANÍ TOSTADO SALADO O NATURAL 180GR;GRS; $782 ;$ 0,90;$ 870;1,55;1,39
\PROVISIONES\TOSTADURIA;19CM EMPANADA DOUGH 10U – MASA EMPANADA 19CM 10U;GRS; $2.437 ;$ 2,80;$ 870;1,55;4,34
\PROVISIONES\TOSTADURIA;14CM EMPANADA DOUGH 10U – MASA EMPANADA 14CM 10U;GRS; $2.101 ;$ 2,41;$ 870;1,55;3,74
\PROVISIONES\TOSTADURIA;DRIED MELON – MELÓN DESHIDRATADO;GRS; $10.084 ;$ 11,59;$ 870;1,55;17,97
\PROVISIONES\TOSTADURIA;SMOKED MERKÉN – MERKÉN AHUMADO;GRS; $7.563 ;$ 8,69;$ 870;1,55;13,47
\PROVISIONES\TOSTADURIA;HONEY – MIEL;GRS; $6.303 ;$ 7,24;$ 870;1,55;11,23
\PROVISIONES\TOSTADURIA;3-FRUIT MIX (PEANUTS, RAISINS, ALMONDS) 1KG – MIX 3 FRUTOS (MANÍ, PASAS, ALMENDRAS) 1KG;GRS; $8.235 ;$ 9,47;$ 870;1,55;14,67
\PROVISIONES\TOSTADURIA;3-FRUIT MIX (PEANUTS, RAISINS, ALMONDS) 150G – MIX 3 FRUTOS (MANÍ, PASAS, ALMENDRAS) 150GR;GRS; $1.336 ;$ 1,54;$ 870;1,55;2,38
\PROVISIONES\TOSTADURIA;3-FRUIT MIX (PEANUTS, WALNUTS, ALMONDS) 150G – MIX 3 FRUTOS (MANÍ, NUEZ, ALMENDRAS) 150GR;GRS; $1.412 ;$ 1,62;$ 870;1,55;2,52
\PROVISIONES\TOSTADURIA;3-FRUIT MIX (PEANUTS, WALNUTS, ALMONDS) 200G – MIX 3 FRUTOS (MANÍ, NUEZ, ALMENDRAS) 200GR;GRS; $1.849 ;$ 2,13;$ 870;1,55;3,29
\PROVISIONES\TOSTADURIA;3-FRUIT MIX (WALNUT, ALMOND, PEANUT) – MIX 3 FRUTOS (NUEZ, ALMENDRA, MANÍ);GRS; $8.487 ;$ 9,76;$ 870;1,55;15,12
\PROVISIONES\TOSTADURIA;DRIED FRUIT MIX (CUBES) – MIX FRUTOS DESHIDRATADOS (CUBOS);GRS; $11.345 ;$ 13,04;$ 870;1,55;20,21
\PROVISIONES\TOSTADURIA;WHOLE YELLOW MUSTARD SEEDS – MOSTAZA AMARILLA ENTERA;GRS; $8.403 ;$ 9,66;$ 870;1,55;14,97
\PROVISIONES\TOSTADURIA;WHOLE BLACK MUSTARD SEEDS – MOSTAZA NEGRA ENTERA;GRS; $8.403 ;$ 9,66;$ 870;1,55;14,97
\PROVISIONES\TOSTADURIA;COOKED GRAIN (MOTE) – MOTE;GRS; $2.017 ;$ 2,32;$ 870;1,55;3,59
\PROVISIONES\TOSTADURIA;WALNUT – NUEZ;GRS; $10.252 ;$ 11,78;$ 870;1,55;18,27
\PROVISIONES\TOSTADURIA;WALNUT WITH SHELL – NUEZ CON CÁSCARA;GRS; $5.042 ;$ 5,80;$ 870;1,55;8,98
\PROVISIONES\TOSTADURIA;WHOLE NUTMEG – NUEZ MOSCADA ENTERA;GRS; $23.109 ;$ 26,56;$ 870;1,55;41,17
\PROVISIONES\TOSTADURIA;NUTMEG POWDER – NUEZ MOSCADA POLVO;GRS; $23.529 ;$ 27,04;$ 870;1,55;41,92
\PROVISIONES\TOSTADURIA;WHOLE OREGANO – ORÉGANO ENTERO;GRS; $6.723 ;$ 7,73;$ 870;1,55;11,98
\PROVISIONES\TOSTADURIA;OREGANO POWDER – ORÉGANO POLVO;GRS; $6.723 ;$ 7,73;$ 870;1,55;11,98
\PROVISIONES\TOSTADURIA;CHOCOLATE STICKS – PALITOS DE CHOCOLATE;GRS; $4.370 ;$ 5,02;$ 870;1,55;7,79
\PROVISIONES\TOSTADURIA;COLORED CANDY STICK – PALITO DE COLORES;GRS; $4.370 ;$ 5,02;$ 870;1,55;7,79
\PROVISIONES\TOSTADURIA;DRIED PAPAYA – PAPAYA DESHIDRATADA;GRS; $10.084 ;$ 11,59;$ 870;1,55;17,97
\PROVISIONES\TOSTADURIA;SWEET PAPRIKA (80 ASTA) – PAPRIKA DULCE (80 ASTA);GRS; $5.042 ;$ 5,80;$ 870;1,55;8,98
\PROVISIONES\TOSTADURIA;SPECIAL PAPRIKA (120 ASTA) – PAPRIKA ESPECIAL (120 ASTA);GRS; $5.882 ;$ 6,76;$ 870;1,55;10,48
\PROVISIONES\TOSTADURIA;PREMIUM PAPRIKA (180 ASTA) – PAPRIKA PREMIUM (180 ASTA);GRS; $6.723 ;$ 7,73;$ 870;1,55;11,98
\PROVISIONES\TOSTADURIA;CHOCOLATE-COATED RAISINS – PASAS CON CHOCOLATE;GRS; $6.723 ;$ 7,73;$ 870;1,55;11,98
\PROVISIONES\TOSTADURIA;CORINTO RAISINS – PASAS CORINTO;GRS; $4.118 ;$ 4,73;$ 870;1,55;7,34
\PROVISIONES\TOSTADURIA;GOLDEN RAISINS – PASAS DORADA;GRS; $3.866 ;$ 4,44;$ 870;1,55;6,89
\PROVISIONES\TOSTADURIA;BLACK RAISINS – PASAS NEGRAS;GRS; $3.445 ;$ 3,96;$ 870;1,55;6,14
\PROVISIONES\TOSTADURIA;LIGHT RAISINS – PASAS RUBIAS;GRS; $6.555 ;$ 7,53;$ 870;1,55;11,68
\PROVISIONES\TOSTADURIA;PUMPKIN SEEDS – PEPA DE ZAPALLO;GRS; $8.403 ;$ 9,66;$ 870;1,55;14,97
\PROVISIONES\TOSTADURIA;GHERKIN / PICKLED CUCUMBER – PEPINILLO;GRS; $5.462 ;$ 6,28;$ 870;1,55;9,73
\PROVISIONES\TOSTADURIA;DILL GHERKIN – PEPINILLO DILL;GRS; $5.462 ;$ 6,28;$ 870;1,55;9,73
\PROVISIONES\TOSTADURIA;PICKLE – PICKLE;GRS; $5.714 ;$ 6,57;$ 870;1,55;10,18
\PROVISIONES\TOSTADURIA;WHOLE GREEN PEPPERCORN – PIMIENTA VERDE ENTERA;GRS; $26.891 ;$ 30,91;$ 870;1,55;47,91
\PROVISIONES\TOSTADURIA;WHOLE WHITE PEPPER – PIMIENTA BLANCA ENTERA;GRS; $24.790 ;$ 28,49;$ 870;1,55;44,17
\PROVISIONES\TOSTADURIA;WHITE PEPPER POWDER – PIMIENTA BLANCA POLVO;GRS; $25.126 ;$ 28,88;$ 870;1,55;44,76
\PROVISIONES\TOSTADURIA;WHOLE BLACK PEPPER – PIMIENTA NEGRA ENTERA;GRS; $16.807 ;$ 19,32;$ 870;1,55;29,94
\PROVISIONES\TOSTADURIA;BLACK PEPPER POWDER – PIMIENTA NEGRA POLVO;GRS; $17.647 ;$ 20,28;$ 870;1,55;31,44
\PROVISIONES\TOSTADURIA;CRUSHED BLACK PEPPER – PIMIENTA NEGRA TRITURADA;GRS; $20.168 ;$ 23,18;$ 870;1,55;35,93
\PROVISIONES\TOSTADURIA;WHOLE RED PEPPER – PIMIENTO ROJO ENTERA;GRS; $24.370 ;$ 28,01;$ 870;1,55;43,42
\PROVISIONES\TOSTADURIA;DRIED PINEAPPLE RING – PIÑA DESHIDRATADA RODAJA;GRS; $9.244 ;$ 10,63;$ 870;1,55;16,47
\PROVISIONES\TOSTADURIA;SHELLED PISTACHIO – PISTACHO PELADO;GRS; $36.975 ;$ 42,50;$ 870;1,55;65,88
\PROVISIONES\TOSTADURIA;SALTED PISTACHIO – PISTACHO SALADO;kg; $18.487 ;$ 21,25;$ 870;1,55;32,94
\PROVISIONES\TOSTADURIA;UNSALTED PISTACHIO – PISTACHO SIN SAL;GRS; $18.487 ;$ 21,25;$ 870;1,55;32,94
\PROVISIONES\TOSTADURIA;MINI PIZZAS 10U – PIZZETAS 10U;GRS; $4.118 ;$ 4,73;$ 870;1,55;7,34
\PROVISIONES\TOSTADURIA;POLENTA – POLENTA;GRS; $1.849 ;$ 2,13;$ 870;1,55;3,29
\PROVISIONES\TOSTADURIA;POLULOS (LOCAL PRODUCT) – POLULOS;GRS; $5.882 ;$ 6,76;$ 870;1,55;10,48
\PROVISIONES\TOSTADURIA;BAKING POWDER – POLVOS DE HORNEAR;GRS; $4.118 ;$ 4,73;$ 870;1,55;7,34
\PROVISIONES\TOSTADURIA;DRIED GRAPEFRUIT – POMELO DESHIDRATADO;GRS; $9.244 ;$ 10,63;$ 870;1,55;16,47
\PROVISIONES\TOSTADURIA;MUNG BEAN – POROTO MUNG;GRS; $3.529 ;$ 4,06;$ 870;1,55;6,29
\PROVISIONES\TOSTADURIA;LIMA BEANS – POROTO PALLARES;GRS; $4.034 ;$ 4,64;$ 870;1,55;7,19
\PROVISIONES\TOSTADURIA;PEELED BEAN – POROTO PELADO;GRS; $2.101 ;$ 2,41;$ 870;1,55;3,74
\PROVISIONES\TOSTADURIA;ALLAO BEAN – POROTO ALLAO;GRS; $2.353 ;$ 2,70;$ 870;1,55;4,19
\PROVISIONES\TOSTADURIA;WHITE BEAN – POROTO BLANCO;GRS; $2.941 ;$ 3,38;$ 870;1,55;5,24
\PROVISIONES\TOSTADURIA;BURRO BEAN – POROTO BURRO;GRS; $3.193 ;$ 3,67;$ 870;1,55;5,69
\PROVISIONES\TOSTADURIA;BLACK BEAN – POROTO NEGRO;GRS; $2.605 ;$ 2,99;$ 870;1,55;4,64
\PROVISIONES\TOSTADURIA;RED BEAN – POROTO ROJO;GRS; $3.361 ;$ 3,86;$ 870;1,55;5,99
\PROVISIONES\TOSTADURIA;SOYBEAN – POROTO SOYA;GRS; $2.496 ;$ 2,87;$ 870;1,55;4,45
\PROVISIONES\TOSTADURIA;FETA CHEESE – QUESO FETA;GRS; $23.529 ;$ 27,04;$ 870;1,55;41,92
\PROVISIONES\TOSTADURIA;WHITE QUINOA – QUINOA BLANCA;GRS; $5.378 ;$ 6,18;$ 870;1,55;9,58
\PROVISIONES\TOSTADURIA;QUINOA MIX (WHITE, BLACK, RED) – QUINOA MIX (BLANCA, NEGRA, ROJA);GRS; $5.714 ;$ 6,57;$ 870;1,55;10,18
\PROVISIONES\TOSTADURIA;BLACK QUINOA – QUINOA NEGRA;GRS; $5.210 ;$ 5,99;$ 870;1,55;9,28
\PROVISIONES\TOSTADURIA;RED QUINOA – QUINOA ROJA;GRS; $5.462 ;$ 6,28;$ 870;1,55;9,73
\PROVISIONES\TOSTADURIA;ROSEMARY – ROMERO;GRS; $9.160 ;$ 10,53;$ 870;1,55;16,32
\PROVISIONES\TOSTADURIA;SAL DE MESA - SAL FINA 500GRS;GRS; $1.185 ;;;;
\PROVISIONES\TOSTADURIA;SEA SALT – SAL DE MAR;GRS; $1.513 ;$ 1,74;$ 870;1,55;2,70
\PROVISIONES\TOSTADURIA;FINE PINK SALT (HIMALAYA) – SAL ROSADA FINA (HIMALAYA);GRS; $4.118 ;$ 4,73;$ 870;1,55;7,34
\PROVISIONES\TOSTADURIA;COARSE PINK SALT (HIMALAYA) – SAL ROSADA GRUESA (HIMALAYA);GRS; $4.118 ;$ 4,73;$ 870;1,55;7,34
\PROVISIONES\TOSTADURIA;SEMI-COARSE PINK SALT (HIMALAYA) – SAL ROSADA SEMI GRUESA (HIMALAYA);GRS; $4.118 ;$ 4,73;$ 870;1,55;7,34
\PROVISIONES\TOSTADURIA;ANISE SEED – SEMILLA DE ANÍS;GRS; $15.126 ;$ 17,39;$ 870;1,55;26,95
\PROVISIONES\TOSTADURIA;SUNFLOWER SEED (MARAVILLA PEELED) – SEMILLA DE GIRASOL (MARAVILLA PELADA);GRS; $4.034 ;$ 4,64;$ 870;1,55;7,19
\PROVISIONES\TOSTADURIA;SEMOLINA – SÉMOLA;GRS; $3.361 ;$ 3,86;$ 870;1,55;5,99
\PROVISIONES\TOSTADURIA;WHITE SESAME – SÉSAMO BLANCO;GRS; $5.882 ;$ 6,76;$ 870;1,55;10,48
\PROVISIONES\TOSTADURIA;BLACK SESAME – SÉSAMO NEGRO;GRS; $6.050 ;$ 6,95;$ 870;1,55;10,78
\PROVISIONES\TOSTADURIA;TOASTED SESAME – SÉSAMO TOSTADO;GRS; $6.050 ;$ 6,95;$ 870;1,55;10,78
\PROVISIONES\TOSTADURIA;BLUE TEA – TÉ AZUL;GRS; $13.445 ;$ 15,45;$ 870;1,55;23,95
\PROVISIONES\TOSTADURIA;WHITE TEA – TÉ BLANCO;GRS; $11.765 ;$ 13,52;$ 870;1,55;20,96
\PROVISIONES\TOSTADURIA;SUPERIOR CEYLON TEA – TÉ CEYLÁN SUPERIOR;GRS; $12.857 ;$ 14,78;$ 870;1,55;22,91
\PROVISIONES\TOSTADURIA;JASMINE TEA – TÉ CON JAZMÍN;GRS; $12.353 ;$ 14,20;$ 870;1,55;22,01
\PROVISIONES\TOSTADURIA;RED TEA – TÉ ROJO;GRS; $11.765 ;$ 13,52;$ 870;1,55;20,96
\PROVISIONES\TOSTADURIA;GREEN TEA – TÉ VERDE;GRS; $8.403 ;$ 9,66;$ 870;1,55;14,97
\PROVISIONES\TOSTADURIA;DRIED TOMATO – TOMATE DESHIDRATADO;GRS; $10.084 ;$ 11,59;$ 870;1,55;17,97
\PROVISIONES\TOSTADURIA;THYME – TOMILLO;GRS; $15.996 ;$ 18,39;$ 870;1,55;28,50
\PROVISIONES\TOSTADURIA;APPLE VINEGAR 500ML – VINAGRE MANZANA 500ML;GRS; $4.874 ;$ 5,60;$ 870;1,55;8,68
\PROVISIONES\TOSTADURIA;PARSLEY DRY ;KILO; $8.404 ;$ 9,66;$ 870;1,55;14,97